application_id,stage,event_date,channel,age,smoker
1,Started,2024-04-12,Phone,25,0
1,Personal Info Completed,2024-04-15,Phone,28,0
1,Medical Questions Completed,2024-04-18,Agent,19,0
2,Started,2024-05-09,Online,29,0
2,Personal Info Completed,2024-05-10,Online,44,0
2,Medical Questions Completed,2024-05-15,Agent,64,0
2,Underwriting Review,2024-05-12,Phone,54,0
2,Approved,2024-05-21,Agent,21,1
3,Started,2024-01-09,Phone,24,0
5,Started,2024-06-12,Agent,23,0
5,Personal Info Completed,2024-06-13,Phone,35,0
6,Started,2024-01-14,Agent,40,0
7,Started,2024-03-22,Online,62,0
8,Started,2024-03-05,Online,61,0
8,Personal Info Completed,2024-03-08,Online,25,0
11,Started,2024-03-12,Phone,40,0
11,Personal Info Completed,2024-03-14,Phone,52,0
11,Medical Questions Completed,2024-03-16,Phone,18,0
11,Underwriting Review,2024-03-18,Phone,44,0
11,Approved,2024-03-20,Online,68,0
12,Started,2024-02-21,Online,40,0
12,Personal Info Completed,2024-02-22,Online,49,0
14,Started,2024-02-14,Agent,45,1
14,Personal Info Completed,2024-02-16,Agent,28,0
14,Medical Questions Completed,2024-02-16,Phone,50,0
15,Started,2024-04-30,Phone,56,0
15,Personal Info Completed,2024-05-02,Online,50,0
15,Medical Questions Completed,2024-05-06,Phone,49,0
16,Started,2024-04-22,Agent,56,0
16,Personal Info Completed,2024-04-23,Online,66,1
16,Medical Questions Completed,2024-04-28,Online,49,1
16,Underwriting Review,2024-04-28,Online,61,0
17,Started,2024-03-08,Online,55,0
17,Personal Info Completed,2024-03-10,Agent,28,1
18,Started,2024-05-03,Phone,37,0
18,Personal Info Completed,2024-05-05,Phone,36,0
18,Medical Questions Completed,2024-05-05,Online,57,0
19,Started,2024-05-08,Online,67,1
20,Started,2024-04-08,Online,69,0
20,Personal Info Completed,2024-04-10,Online,54,1
20,Medical Questions Completed,2024-04-10,Phone,36,0
21,Started,2024-05-31,Phone,66,0
22,Started,2024-03-24,Online,52,1
22,Personal Info Completed,2024-03-26,Agent,19,0
23,Started,2024-06-17,Agent,38,0
23,Personal Info Completed,2024-06-20,Phone,34,0
23,Medical Questions Completed,2024-06-23,Phone,39,0
23,Underwriting Review,2024-06-23,Agent,62,0
24,Started,2024-01-27,Online,45,0
25,Started,2024-03-01,Online,34,1
25,Personal Info Completed,2024-03-03,Online,23,0
25,Medical Questions Completed,2024-03-03,Online,63,1
26,Started,2024-04-25,Phone,50,0
26,Personal Info Completed,2024-04-26,Agent,48,1
27,Started,2024-06-22,Agent,40,0
27,Personal Info Completed,2024-06-24,Agent,34,1
27,Medical Questions Completed,2024-06-26,Phone,46,0
27,Underwriting Review,2024-06-28,Online,41,1
28,Started,2024-02-26,Agent,33,0
29,Started,2024-05-22,Phone,39,0
29,Personal Info Completed,2024-05-24,Online,39,0
29,Medical Questions Completed,2024-05-26,Agent,32,0
29,Underwriting Review,2024-05-25,Online,61,1
30,Started,2024-01-06,Phone,52,0
30,Personal Info Completed,2024-01-07,Agent,59,0
31,Started,2024-03-03,Phone,43,0
32,Started,2024-01-23,Online,18,0
32,Personal Info Completed,2024-01-25,Online,57,1
32,Medical Questions Completed,2024-01-25,Phone,22,0
32,Underwriting Review,2024-01-29,Phone,54,0
32,Approved,2024-01-27,Phone,66,0
33,Started,2024-05-23,Phone,53,0
33,Personal Info Completed,2024-05-26,Agent,27,1
34,Started,2024-06-28,Phone,49,1
34,Personal Info Completed,2024-07-01,Agent,66,1
34,Medical Questions Completed,2024-07-02,Phone,50,0
34,Underwriting Review,2024-07-01,Phone,18,1
35,Started,2024-02-13,Agent,19,0
35,Personal Info Completed,2024-02-16,Online,43,0
36,Started,2024-03-30,Online,24,0
36,Personal Info Completed,2024-03-31,Phone,46,0
36,Medical Questions Completed,2024-04-01,Online,53,0
37,Started,2024-06-25,Online,56,0
38,Started,2024-02-06,Online,40,0
38,Personal Info Completed,2024-02-07,Online,37,1
38,Medical Questions Completed,2024-02-12,Phone,66,0
39,Started,2024-05-26,Agent,48,1
39,Personal Info Completed,2024-05-29,Online,22,0
39,Medical Questions Completed,2024-06-01,Online,53,1
40,Started,2024-02-08,Agent,56,1
40,Personal Info Completed,2024-02-11,Phone,46,0
40,Medical Questions Completed,2024-02-10,Agent,61,1
41,Started,2024-06-22,Online,67,1
41,Personal Info Completed,2024-06-23,Online,55,1
41,Medical Questions Completed,2024-06-24,Agent,69,0
42,Started,2024-02-14,Phone,36,0
42,Personal Info Completed,2024-02-17,Agent,43,0
42,Medical Questions Completed,2024-02-16,Online,67,0
42,Underwriting Review,2024-02-17,Phone,58,0
44,Started,2024-04-22,Agent,23,1
45,Started,2024-06-21,Agent,38,1
45,Personal Info Completed,2024-06-24,Phone,37,0
45,Medical Questions Completed,2024-06-23,Agent,32,0
46,Started,2024-04-27,Online,28,0
47,Started,2024-04-11,Agent,45,0
47,Personal Info Completed,2024-04-13,Online,58,0
47,Medical Questions Completed,2024-04-17,Online,26,0
48,Started,2024-06-05,Online,23,1
48,Personal Info Completed,2024-06-08,Online,19,0
49,Started,2024-04-18,Agent,18,0
50,Started,2024-01-11,Online,39,1
50,Personal Info Completed,2024-01-12,Agent,58,0
50,Medical Questions Completed,2024-01-17,Agent,45,1
52,Started,2024-01-23,Agent,27,0
52,Personal Info Completed,2024-01-24,Agent,18,1
52,Medical Questions Completed,2024-01-27,Online,66,0
52,Underwriting Review,2024-02-01,Phone,43,0
53,Started,2024-01-03,Agent,61,0
54,Started,2024-02-26,Phone,40,0
54,Personal Info Completed,2024-02-28,Phone,68,1
54,Medical Questions Completed,2024-03-01,Agent,67,0
54,Underwriting Review,2024-03-06,Phone,51,0
55,Started,2024-03-19,Agent,68,0
57,Started,2024-03-14,Agent,23,0
57,Personal Info Completed,2024-03-17,Phone,65,0
57,Medical Questions Completed,2024-03-20,Phone,33,0
57,Underwriting Review,2024-03-17,Phone,49,0
58,Started,2024-06-26,Phone,38,0
58,Personal Info Completed,2024-06-27,Agent,38,0
58,Medical Questions Completed,2024-06-30,Agent,51,0
58,Underwriting Review,2024-07-05,Online,43,0
60,Started,2024-03-03,Agent,53,1
60,Personal Info Completed,2024-03-04,Phone,64,0
60,Medical Questions Completed,2024-03-07,Phone,31,0
61,Started,2024-01-14,Phone,20,1
61,Personal Info Completed,2024-01-17,Online,35,0
61,Medical Questions Completed,2024-01-20,Online,54,0
62,Started,2024-01-17,Agent,61,0
62,Personal Info Completed,2024-01-18,Agent,20,0
62,Medical Questions Completed,2024-01-23,Agent,51,0
63,Started,2024-03-23,Agent,69,0
63,Personal Info Completed,2024-03-26,Online,23,0
63,Medical Questions Completed,2024-03-27,Online,23,0
63,Underwriting Review,2024-03-29,Phone,47,0
64,Started,2024-05-10,Phone,23,0
65,Started,2024-01-04,Online,47,0
65,Personal Info Completed,2024-01-05,Agent,32,0
65,Medical Questions Completed,2024-01-06,Online,23,1
66,Started,2024-01-20,Online,43,0
66,Personal Info Completed,2024-01-22,Phone,53,0
66,Medical Questions Completed,2024-01-24,Agent,27,0
66,Underwriting Review,2024-01-26,Online,57,1
66,Approved,2024-01-24,Online,34,0
67,Started,2024-02-07,Phone,66,1
67,Personal Info Completed,2024-02-09,Agent,28,1
67,Medical Questions Completed,2024-02-13,Online,57,0
67,Underwriting Review,2024-02-10,Phone,58,0
68,Started,2024-02-04,Phone,31,0
68,Personal Info Completed,2024-02-05,Agent,42,0
68,Medical Questions Completed,2024-02-08,Phone,55,0
68,Underwriting Review,2024-02-07,Online,34,1
68,Approved,2024-02-12,Online,57,0
69,Started,2024-05-13,Agent,69,0
69,Personal Info Completed,2024-05-15,Phone,44,0
69,Medical Questions Completed,2024-05-15,Online,54,0
69,Underwriting Review,2024-05-19,Agent,27,0
70,Started,2024-04-27,Phone,53,0
70,Personal Info Completed,2024-04-30,Online,25,0
70,Medical Questions Completed,2024-04-29,Agent,44,0
71,Started,2024-02-05,Online,37,0
72,Started,2024-02-07,Phone,43,1
72,Personal Info Completed,2024-02-08,Agent,35,0
72,Medical Questions Completed,2024-02-13,Online,54,0
72,Underwriting Review,2024-02-16,Agent,26,0
73,Started,2024-02-09,Phone,18,0
74,Started,2024-04-19,Online,18,1
74,Personal Info Completed,2024-04-22,Online,64,0
74,Medical Questions Completed,2024-04-21,Online,43,0
74,Underwriting Review,2024-04-22,Agent,28,1
76,Started,2024-05-07,Phone,41,0
76,Personal Info Completed,2024-05-08,Online,66,0
76,Medical Questions Completed,2024-05-11,Agent,38,0
77,Started,2024-04-14,Agent,45,0
77,Personal Info Completed,2024-04-17,Online,49,0
78,Started,2024-05-02,Agent,46,0
78,Personal Info Completed,2024-05-05,Agent,18,0
78,Medical Questions Completed,2024-05-06,Agent,45,0
78,Underwriting Review,2024-05-11,Phone,21,0
79,Started,2024-04-12,Agent,36,0
79,Personal Info Completed,2024-04-15,Phone,45,1
80,Started,2024-01-08,Phone,41,0
80,Personal Info Completed,2024-01-10,Online,64,0
81,Started,2024-04-01,Phone,49,1
81,Personal Info Completed,2024-04-03,Phone,33,0
82,Started,2024-05-21,Phone,27,0
82,Personal Info Completed,2024-05-24,Online,36,0
82,Medical Questions Completed,2024-05-25,Online,64,0
82,Underwriting Review,2024-05-30,Agent,20,0
82,Approved,2024-05-25,Online,55,0
83,Started,2024-02-22,Agent,61,0
85,Started,2024-05-07,Phone,34,0
85,Personal Info Completed,2024-05-08,Online,56,0
85,Medical Questions Completed,2024-05-11,Agent,46,0
85,Underwriting Review,2024-05-16,Agent,35,0
86,Started,2024-02-10,Online,42,0
86,Personal Info Completed,2024-02-11,Agent,39,0
87,Started,2024-05-13,Online,24,0
88,Started,2024-05-01,Agent,60,0
88,Personal Info Completed,2024-05-04,Agent,46,0
88,Medical Questions Completed,2024-05-03,Phone,56,0
89,Started,2024-02-24,Agent,22,0
89,Personal Info Completed,2024-02-27,Phone,52,1
90,Started,2024-04-18,Agent,19,0
90,Personal Info Completed,2024-04-19,Online,42,0
90,Medical Questions Completed,2024-04-20,Phone,52,1
92,Started,2024-04-11,Online,61,1
94,Started,2024-02-24,Phone,25,0
95,Started,2024-04-27,Agent,42,0
95,Personal Info Completed,2024-04-28,Online,43,0
96,Started,2024-05-24,Agent,24,0
96,Personal Info Completed,2024-05-25,Phone,65,0
96,Medical Questions Completed,2024-05-26,Agent,48,1
97,Started,2024-05-25,Online,31,0
97,Personal Info Completed,2024-05-26,Agent,20,0
97,Medical Questions Completed,2024-05-31,Phone,61,0
98,Started,2024-01-04,Online,35,0
98,Personal Info Completed,2024-01-06,Agent,52,1
98,Medical Questions Completed,2024-01-10,Online,30,0
100,Started,2024-01-29,Agent,61,0
101,Started,2024-04-30,Phone,56,0
101,Personal Info Completed,2024-05-01,Phone,62,0
101,Medical Questions Completed,2024-05-04,Agent,54,0
101,Underwriting Review,2024-05-06,Phone,26,0
101,Approved,2024-05-12,Agent,54,0
101,Policy Issued,2024-05-10,Phone,63,0
102,Started,2024-03-02,Phone,69,0
102,Personal Info Completed,2024-03-03,Phone,68,0
102,Medical Questions Completed,2024-03-06,Online,43,0
103,Started,2024-04-29,Agent,64,0
103,Personal Info Completed,2024-05-01,Online,59,0
103,Medical Questions Completed,2024-05-01,Phone,49,0
104,Started,2024-05-04,Agent,54,0
105,Started,2024-03-07,Online,20,1
106,Started,2024-01-09,Online,28,0
106,Personal Info Completed,2024-01-12,Agent,25,0
106,Medical Questions Completed,2024-01-13,Agent,54,0
107,Started,2024-03-21,Agent,46,1
107,Personal Info Completed,2024-03-23,Phone,30,0
110,Started,2024-02-28,Phone,62,0
110,Personal Info Completed,2024-03-02,Phone,55,0
112,Started,2024-01-31,Phone,47,1
112,Personal Info Completed,2024-02-02,Agent,30,0
112,Medical Questions Completed,2024-02-02,Agent,44,1
113,Started,2024-04-07,Phone,65,0
114,Started,2024-03-14,Phone,45,0
116,Started,2024-04-05,Online,29,0
116,Personal Info Completed,2024-04-06,Agent,43,0
118,Started,2024-01-29,Phone,69,0
118,Personal Info Completed,2024-02-01,Online,23,0
119,Started,2024-02-27,Agent,51,1
119,Personal Info Completed,2024-02-28,Online,56,0
120,Started,2024-03-15,Phone,31,0
120,Personal Info Completed,2024-03-18,Online,61,0
121,Started,2024-02-16,Agent,36,0
122,Started,2024-01-01,Phone,51,0
122,Personal Info Completed,2024-01-02,Agent,32,0
122,Medical Questions Completed,2024-01-05,Online,34,0
122,Underwriting Review,2024-01-10,Agent,67,0
123,Started,2024-06-20,Phone,37,0
123,Personal Info Completed,2024-06-22,Phone,34,0
123,Medical Questions Completed,2024-06-22,Agent,65,0
123,Underwriting Review,2024-06-26,Online,19,0
123,Approved,2024-06-24,Online,25,0
124,Started,2024-03-22,Agent,49,0
126,Started,2024-01-11,Online,29,1
126,Personal Info Completed,2024-01-13,Agent,45,0
126,Medical Questions Completed,2024-01-15,Online,19,0
127,Started,2024-06-06,Agent,56,0
127,Personal Info Completed,2024-06-08,Agent,67,1
127,Medical Questions Completed,2024-06-08,Phone,20,1
128,Started,2024-03-13,Agent,29,1
128,Personal Info Completed,2024-03-15,Agent,64,1
128,Medical Questions Completed,2024-03-17,Agent,39,0
129,Started,2024-02-10,Phone,35,0
129,Personal Info Completed,2024-02-11,Online,62,0
129,Medical Questions Completed,2024-02-14,Online,25,1
129,Underwriting Review,2024-02-19,Agent,23,0
129,Approved,2024-02-14,Phone,20,0
130,Started,2024-04-02,Online,24,0
131,Started,2024-06-07,Agent,37,0
131,Personal Info Completed,2024-06-10,Online,53,0
131,Medical Questions Completed,2024-06-11,Phone,51,0
132,Started,2024-04-24,Phone,62,0
133,Started,2024-04-08,Phone,59,0
134,Started,2024-04-28,Online,58,0
135,Started,2024-04-20,Online,37,0
135,Personal Info Completed,2024-04-23,Online,45,0
136,Started,2024-06-16,Phone,64,0
137,Started,2024-04-27,Online,27,0
137,Personal Info Completed,2024-04-28,Phone,29,0
137,Medical Questions Completed,2024-04-29,Phone,54,0
137,Underwriting Review,2024-04-30,Online,61,0
138,Started,2024-05-13,Agent,31,0
138,Personal Info Completed,2024-05-15,Online,18,0
138,Medical Questions Completed,2024-05-15,Phone,22,0
139,Started,2024-01-12,Agent,41,0
139,Personal Info Completed,2024-01-13,Agent,46,1
139,Medical Questions Completed,2024-01-18,Phone,67,0
139,Underwriting Review,2024-01-21,Agent,62,0
140,Started,2024-05-03,Online,18,0
140,Personal Info Completed,2024-05-05,Online,64,0
142,Started,2024-06-19,Agent,34,1
143,Started,2024-04-22,Agent,21,0
143,Personal Info Completed,2024-04-24,Online,65,0
143,Medical Questions Completed,2024-04-26,Agent,23,0
145,Started,2024-03-13,Online,28,1
145,Personal Info Completed,2024-03-15,Agent,36,1
146,Started,2024-01-23,Online,41,0
146,Personal Info Completed,2024-01-24,Phone,18,0
146,Medical Questions Completed,2024-01-25,Phone,46,0
146,Underwriting Review,2024-01-26,Phone,61,0
147,Started,2024-04-19,Agent,26,0
148,Started,2024-02-17,Online,43,0
148,Personal Info Completed,2024-02-18,Phone,61,0
148,Medical Questions Completed,2024-02-23,Agent,63,0
149,Started,2024-01-21,Phone,32,0
150,Started,2024-01-15,Agent,36,0
150,Personal Info Completed,2024-01-16,Agent,44,1
150,Medical Questions Completed,2024-01-19,Agent,35,0
151,Started,2024-03-30,Phone,48,1
152,Started,2024-06-07,Agent,59,1
152,Personal Info Completed,2024-06-09,Phone,18,0
152,Medical Questions Completed,2024-06-13,Phone,30,0
153,Started,2024-05-16,Agent,41,0
154,Started,2024-03-12,Agent,44,0
154,Personal Info Completed,2024-03-15,Phone,27,1
155,Started,2024-03-09,Agent,50,0
155,Personal Info Completed,2024-03-10,Phone,52,0
155,Medical Questions Completed,2024-03-13,Online,31,0
155,Underwriting Review,2024-03-12,Agent,52,0
156,Started,2024-02-11,Online,66,0
156,Personal Info Completed,2024-02-13,Phone,21,0
156,Medical Questions Completed,2024-02-17,Online,63,0
157,Started,2024-06-12,Phone,23,0
157,Personal Info Completed,2024-06-13,Agent,22,0
157,Medical Questions Completed,2024-06-16,Agent,20,0
157,Underwriting Review,2024-06-21,Agent,23,0
157,Approved,2024-06-20,Online,52,0
158,Started,2024-01-08,Online,30,0
159,Started,2024-02-24,Agent,33,0
159,Personal Info Completed,2024-02-27,Agent,62,0
161,Started,2024-04-13,Online,47,0
161,Personal Info Completed,2024-04-15,Phone,49,0
162,Started,2024-02-07,Agent,53,0
162,Personal Info Completed,2024-02-09,Online,38,0
162,Medical Questions Completed,2024-02-09,Phone,20,0
162,Underwriting Review,2024-02-13,Phone,23,1
163,Started,2024-03-26,Phone,66,0
164,Started,2024-02-04,Agent,31,1
165,Started,2024-06-28,Online,52,0
165,Personal Info Completed,2024-06-30,Agent,37,0
166,Started,2024-01-25,Phone,31,0
167,Started,2024-05-04,Online,23,0
167,Personal Info Completed,2024-05-05,Agent,21,0
169,Started,2024-04-05,Agent,37,0
169,Personal Info Completed,2024-04-07,Online,60,0
170,Started,2024-01-31,Agent,27,0
170,Personal Info Completed,2024-02-02,Online,48,0
171,Started,2024-03-23,Online,45,0
171,Personal Info Completed,2024-03-24,Phone,57,1
171,Medical Questions Completed,2024-03-25,Agent,56,0
172,Started,2024-03-02,Phone,44,0
174,Started,2024-05-09,Agent,55,0
175,Started,2024-02-27,Online,30,0
175,Personal Info Completed,2024-02-28,Online,35,0
175,Medical Questions Completed,2024-02-29,Phone,66,0
175,Underwriting Review,2024-03-07,Online,43,0
176,Started,2024-04-21,Online,46,0
176,Personal Info Completed,2024-04-22,Agent,30,0
176,Medical Questions Completed,2024-04-23,Online,18,1
176,Underwriting Review,2024-04-24,Agent,67,0
177,Started,2024-01-21,Agent,25,1
177,Personal Info Completed,2024-01-24,Online,40,0
177,Medical Questions Completed,2024-01-23,Phone,54,0
177,Underwriting Review,2024-01-30,Phone,18,0
177,Approved,2024-01-25,Online,37,0
179,Started,2024-06-28,Phone,45,0
179,Personal Info Completed,2024-06-29,Agent,49,0
179,Medical Questions Completed,2024-07-04,Online,48,0
179,Underwriting Review,2024-07-01,Agent,32,0
179,Approved,2024-07-06,Agent,58,0
180,Started,2024-04-23,Agent,30,0
180,Personal Info Completed,2024-04-25,Phone,27,0
181,Started,2024-06-01,Agent,42,0
181,Personal Info Completed,2024-06-02,Phone,63,0
182,Started,2024-05-01,Phone,66,0
182,Personal Info Completed,2024-05-02,Online,38,1
183,Started,2024-05-14,Agent,39,1
184,Started,2024-01-29,Online,38,0
185,Started,2024-04-04,Online,39,0
185,Personal Info Completed,2024-04-07,Phone,36,0
185,Medical Questions Completed,2024-04-10,Online,54,0
185,Underwriting Review,2024-04-07,Online,20,1
185,Approved,2024-04-12,Agent,60,0
186,Started,2024-02-15,Agent,58,0
186,Personal Info Completed,2024-02-17,Agent,43,1
187,Started,2024-01-14,Online,37,0
187,Personal Info Completed,2024-01-17,Agent,36,1
187,Medical Questions Completed,2024-01-16,Agent,41,0
187,Underwriting Review,2024-01-20,Online,57,0
187,Approved,2024-01-22,Online,62,0
188,Started,2024-01-04,Online,33,0
188,Personal Info Completed,2024-01-06,Agent,47,1
188,Medical Questions Completed,2024-01-10,Online,63,0
189,Started,2024-03-16,Online,48,1
189,Personal Info Completed,2024-03-17,Agent,66,0
189,Medical Questions Completed,2024-03-18,Phone,45,0
190,Started,2024-04-27,Agent,21,0
190,Personal Info Completed,2024-04-30,Agent,64,1
190,Medical Questions Completed,2024-04-29,Agent,33,0
191,Started,2024-05-17,Phone,66,0
191,Personal Info Completed,2024-05-19,Online,62,0
191,Medical Questions Completed,2024-05-23,Agent,43,1
192,Started,2024-06-13,Agent,22,0
192,Personal Info Completed,2024-06-15,Phone,56,0
192,Medical Questions Completed,2024-06-15,Agent,58,0
193,Started,2024-02-26,Online,47,0
193,Personal Info Completed,2024-02-28,Phone,52,0
194,Started,2024-05-17,Phone,59,1
194,Personal Info Completed,2024-05-18,Online,53,0
194,Medical Questions Completed,2024-05-21,Phone,38,0
194,Underwriting Review,2024-05-26,Agent,32,0
195,Started,2024-05-27,Online,59,1
196,Started,2024-05-21,Online,35,0
196,Personal Info Completed,2024-05-22,Online,36,0
197,Started,2024-05-19,Online,67,0
197,Personal Info Completed,2024-05-20,Phone,39,0
197,Medical Questions Completed,2024-05-21,Online,51,0
197,Underwriting Review,2024-05-28,Agent,66,0
197,Approved,2024-05-27,Agent,18,0
197,Policy Issued,2024-05-29,Online,19,0
198,Started,2024-05-23,Phone,39,0
199,Started,2024-02-07,Phone,68,0
199,Personal Info Completed,2024-02-10,Online,37,0
200,Started,2024-04-25,Phone,39,0
200,Personal Info Completed,2024-04-26,Online,57,1
201,Started,2024-03-06,Phone,25,0
201,Personal Info Completed,2024-03-09,Agent,56,0
202,Started,2024-06-26,Phone,28,0
202,Personal Info Completed,2024-06-27,Online,38,0
202,Medical Questions Completed,2024-07-02,Agent,57,0
202,Underwriting Review,2024-07-02,Agent,24,0
202,Approved,2024-07-08,Agent,60,1
202,Policy Issued,2024-07-01,Phone,25,1
203,Started,2024-05-03,Agent,23,1
204,Started,2024-05-16,Phone,33,1
204,Personal Info Completed,2024-05-17,Online,47,0
204,Medical Questions Completed,2024-05-20,Agent,48,0
204,Underwriting Review,2024-05-19,Online,20,0
205,Started,2024-06-10,Online,52,0
207,Started,2024-05-13,Phone,19,1
207,Personal Info Completed,2024-05-14,Agent,39,1
207,Medical Questions Completed,2024-05-17,Online,45,1
207,Underwriting Review,2024-05-16,Phone,69,1
208,Started,2024-03-22,Phone,65,0
208,Personal Info Completed,2024-03-25,Agent,32,0
208,Medical Questions Completed,2024-03-24,Agent,19,0
208,Underwriting Review,2024-03-31,Phone,23,1
208,Approved,2024-04-03,Phone,20,0
209,Started,2024-02-07,Phone,63,0
210,Started,2024-05-24,Online,32,0
211,Started,2024-05-30,Agent,55,0
211,Personal Info Completed,2024-06-01,Phone,36,1
211,Medical Questions Completed,2024-06-01,Online,57,0
214,Started,2024-05-10,Online,24,0
214,Personal Info Completed,2024-05-13,Online,36,1
214,Medical Questions Completed,2024-05-14,Online,53,0
214,Underwriting Review,2024-05-13,Online,31,0
214,Approved,2024-05-22,Agent,47,0
214,Policy Issued,2024-05-20,Online,63,0
215,Started,2024-04-29,Online,66,0
215,Personal Info Completed,2024-05-02,Agent,67,0
216,Started,2024-02-17,Online,26,1
216,Personal Info Completed,2024-02-18,Agent,41,1
216,Medical Questions Completed,2024-02-23,Phone,57,0
216,Underwriting Review,2024-02-26,Phone,58,0
216,Approved,2024-02-25,Online,68,0
217,Started,2024-06-27,Agent,29,0
217,Personal Info Completed,2024-06-29,Agent,44,0
217,Medical Questions Completed,2024-07-03,Agent,23,1
217,Underwriting Review,2024-06-30,Agent,43,1
217,Approved,2024-07-05,Online,46,0
218,Started,2024-05-21,Online,30,0
219,Started,2024-04-22,Online,43,0
219,Personal Info Completed,2024-04-24,Agent,60,0
219,Medical Questions Completed,2024-04-24,Online,58,1
219,Underwriting Review,2024-05-01,Phone,58,0
220,Started,2024-05-26,Agent,62,0
220,Personal Info Completed,2024-05-27,Online,62,0
220,Medical Questions Completed,2024-05-28,Agent,56,1
221,Started,2024-06-01,Agent,62,1
221,Personal Info Completed,2024-06-03,Agent,19,0
222,Started,2024-06-12,Phone,45,0
223,Started,2024-03-16,Online,56,0
223,Personal Info Completed,2024-03-18,Agent,68,0
223,Medical Questions Completed,2024-03-20,Phone,26,0
224,Started,2024-03-24,Agent,46,0
224,Personal Info Completed,2024-03-26,Online,58,0
224,Medical Questions Completed,2024-03-26,Phone,62,0
225,Started,2024-03-02,Online,40,1
225,Personal Info Completed,2024-03-03,Agent,60,0
226,Started,2024-04-28,Agent,47,0
227,Started,2024-06-04,Phone,40,0
227,Personal Info Completed,2024-06-06,Phone,53,0
227,Medical Questions Completed,2024-06-08,Online,24,0
228,Started,2024-02-16,Agent,35,0
228,Personal Info Completed,2024-02-19,Phone,28,0
229,Started,2024-03-09,Online,48,0
229,Personal Info Completed,2024-03-10,Agent,41,0
230,Started,2024-01-04,Agent,60,0
230,Personal Info Completed,2024-01-06,Agent,32,0
230,Medical Questions Completed,2024-01-08,Online,54,1
230,Underwriting Review,2024-01-13,Agent,21,1
231,Started,2024-01-29,Agent,69,0
232,Started,2024-01-22,Online,66,0
232,Personal Info Completed,2024-01-23,Phone,40,0
232,Medical Questions Completed,2024-01-24,Phone,66,0
234,Started,2024-04-12,Phone,41,1
234,Personal Info Completed,2024-04-14,Phone,53,0
235,Started,2024-03-22,Agent,36,0
235,Personal Info Completed,2024-03-23,Online,54,0
235,Medical Questions Completed,2024-03-28,Online,51,0
235,Underwriting Review,2024-03-28,Online,28,0
235,Approved,2024-03-26,Agent,29,1
238,Started,2024-04-11,Phone,32,0
240,Started,2024-03-22,Phone,64,0
243,Started,2024-03-21,Phone,55,0
243,Personal Info Completed,2024-03-24,Agent,48,0
244,Started,2024-01-22,Phone,27,0
244,Personal Info Completed,2024-01-24,Online,41,0
244,Medical Questions Completed,2024-01-26,Phone,52,1
245,Started,2024-04-22,Phone,20,0
246,Started,2024-01-01,Online,26,0
247,Started,2024-04-13,Agent,31,0
247,Personal Info Completed,2024-04-15,Phone,52,0
247,Medical Questions Completed,2024-04-15,Online,49,0
249,Started,2024-03-06,Agent,59,0
249,Personal Info Completed,2024-03-08,Agent,43,0
249,Medical Questions Completed,2024-03-10,Phone,20,1
250,Started,2024-05-05,Online,56,0
250,Personal Info Completed,2024-05-06,Agent,30,0
250,Medical Questions Completed,2024-05-07,Online,39,0
251,Started,2024-02-01,Agent,69,0
251,Personal Info Completed,2024-02-03,Agent,69,0
251,Medical Questions Completed,2024-02-05,Phone,21,0
252,Started,2024-01-12,Agent,35,1
252,Personal Info Completed,2024-01-13,Online,32,0
252,Medical Questions Completed,2024-01-14,Agent,35,0
253,Started,2024-03-27,Agent,22,1
253,Personal Info Completed,2024-03-30,Online,18,0
253,Medical Questions Completed,2024-03-31,Agent,32,1
253,Underwriting Review,2024-04-02,Phone,54,0
253,Approved,2024-03-31,Online,44,1
254,Started,2024-06-23,Phone,30,0
254,Personal Info Completed,2024-06-26,Online,21,0
254,Medical Questions Completed,2024-06-25,Phone,36,0
254,Underwriting Review,2024-06-26,Agent,65,0
255,Started,2024-04-08,Agent,52,0
255,Personal Info Completed,2024-04-09,Online,35,0
255,Medical Questions Completed,2024-04-12,Online,26,1
256,Started,2024-04-09,Online,51,0
257,Started,2024-02-05,Online,45,0
257,Personal Info Completed,2024-02-06,Phone,52,0
258,Started,2024-02-23,Online,27,0
258,Personal Info Completed,2024-02-25,Agent,34,0
258,Medical Questions Completed,2024-02-25,Phone,64,0
259,Started,2024-04-25,Online,53,0
259,Personal Info Completed,2024-04-26,Phone,45,0
259,Medical Questions Completed,2024-04-29,Phone,59,0
260,Started,2024-06-10,Online,42,0
260,Personal Info Completed,2024-06-11,Agent,29,0
260,Medical Questions Completed,2024-06-12,Phone,53,1
260,Underwriting Review,2024-06-19,Online,40,0
261,Started,2024-02-28,Online,58,1
261,Personal Info Completed,2024-02-29,Phone,40,0
261,Medical Questions Completed,2024-03-01,Phone,22,0
263,Started,2024-01-28,Phone,43,0
263,Personal Info Completed,2024-01-30,Online,27,0
263,Medical Questions Completed,2024-01-30,Online,25,0
263,Underwriting Review,2024-02-06,Phone,18,0
265,Started,2024-06-22,Agent,22,0
265,Personal Info Completed,2024-06-24,Online,67,0
267,Started,2024-02-15,Agent,39,0
267,Personal Info Completed,2024-02-17,Online,48,0
267,Medical Questions Completed,2024-02-17,Online,60,0
267,Underwriting Review,2024-02-24,Online,67,1
267,Approved,2024-02-23,Online,33,0
269,Started,2024-03-16,Agent,36,0
269,Personal Info Completed,2024-03-18,Agent,23,0
270,Started,2024-02-28,Phone,60,0
271,Started,2024-01-08,Phone,47,0
271,Personal Info Completed,2024-01-11,Agent,39,1
271,Medical Questions Completed,2024-01-10,Agent,53,0
272,Started,2024-06-18,Agent,57,1
272,Personal Info Completed,2024-06-21,Agent,54,0
272,Medical Questions Completed,2024-06-20,Online,27,1
272,Underwriting Review,2024-06-27,Phone,51,1
272,Approved,2024-06-22,Phone,66,0
272,Policy Issued,2024-06-28,Phone,52,1
273,Started,2024-03-31,Agent,62,0
273,Personal Info Completed,2024-04-03,Agent,21,1
275,Started,2024-04-25,Phone,58,0
275,Personal Info Completed,2024-04-26,Agent,51,0
275,Medical Questions Completed,2024-04-27,Phone,68,0
275,Underwriting Review,2024-05-04,Phone,62,0
276,Started,2024-03-11,Online,31,0
276,Personal Info Completed,2024-03-14,Agent,69,0
276,Medical Questions Completed,2024-03-17,Phone,63,0
276,Underwriting Review,2024-03-17,Phone,52,0
276,Approved,2024-03-23,Phone,53,0
277,Started,2024-01-04,Online,40,0
277,Personal Info Completed,2024-01-05,Online,48,0
278,Started,2024-02-26,Agent,54,0
278,Personal Info Completed,2024-02-29,Agent,38,0
278,Medical Questions Completed,2024-03-03,Agent,64,0
278,Underwriting Review,2024-03-06,Phone,53,0
279,Started,2024-03-27,Agent,54,0
280,Started,2024-05-05,Agent,53,1
281,Started,2024-02-23,Phone,48,0
281,Personal Info Completed,2024-02-25,Phone,26,0
281,Medical Questions Completed,2024-02-27,Online,34,0
281,Underwriting Review,2024-02-26,Phone,38,0
282,Started,2024-02-20,Phone,41,0
282,Personal Info Completed,2024-02-23,Phone,23,1
284,Started,2024-02-26,Online,46,0
284,Personal Info Completed,2024-02-27,Phone,34,0
285,Started,2024-06-23,Online,20,0
285,Personal Info Completed,2024-06-25,Online,36,0
285,Medical Questions Completed,2024-06-27,Agent,50,1
285,Underwriting Review,2024-07-02,Online,36,0
286,Started,2024-06-16,Online,44,0
286,Personal Info Completed,2024-06-18,Phone,36,0
286,Medical Questions Completed,2024-06-20,Online,37,0
288,Started,2024-04-24,Agent,20,1
289,Started,2024-06-27,Online,29,0
289,Personal Info Completed,2024-06-30,Online,23,0
290,Started,2024-03-18,Online,67,0
290,Personal Info Completed,2024-03-19,Phone,19,0
290,Medical Questions Completed,2024-03-20,Online,37,0
291,Started,2024-01-14,Online,37,0
291,Personal Info Completed,2024-01-16,Online,25,0
291,Medical Questions Completed,2024-01-16,Agent,23,0
292,Started,2024-06-17,Online,66,0
292,Personal Info Completed,2024-06-20,Phone,27,0
293,Started,2024-01-02,Agent,39,0
293,Personal Info Completed,2024-01-05,Online,64,1
293,Medical Questions Completed,2024-01-06,Phone,37,0
294,Started,2024-02-22,Agent,32,0
294,Personal Info Completed,2024-02-24,Online,53,0
294,Medical Questions Completed,2024-02-24,Phone,43,0
295,Started,2024-02-28,Phone,39,0
295,Personal Info Completed,2024-02-29,Online,66,0
296,Started,2024-05-16,Agent,53,0
296,Personal Info Completed,2024-05-18,Agent,34,0
297,Started,2024-06-26,Online,42,0
297,Personal Info Completed,2024-06-27,Phone,26,0
298,Started,2024-04-01,Online,59,0
298,Personal Info Completed,2024-04-04,Online,40,0
299,Started,2024-03-03,Online,60,0
299,Personal Info Completed,2024-03-04,Agent,20,0
299,Medical Questions Completed,2024-03-07,Agent,65,0
300,Started,2024-05-06,Phone,30,0
300,Personal Info Completed,2024-05-08,Online,44,0
300,Medical Questions Completed,2024-05-10,Online,26,0
301,Started,2024-02-08,Agent,54,0
302,Started,2024-03-25,Phone,55,0
302,Personal Info Completed,2024-03-28,Online,32,0
303,Started,2024-05-29,Online,30,0
303,Personal Info Completed,2024-05-30,Phone,41,1
303,Medical Questions Completed,2024-06-04,Phone,31,0
303,Underwriting Review,2024-06-04,Agent,38,0
303,Approved,2024-06-06,Online,67,1
304,Started,2024-03-24,Online,21,1
304,Personal Info Completed,2024-03-26,Phone,42,0
304,Medical Questions Completed,2024-03-26,Online,63,1
305,Started,2024-02-05,Agent,56,0
305,Personal Info Completed,2024-02-06,Online,23,0
305,Medical Questions Completed,2024-02-09,Online,22,0
306,Started,2024-06-06,Online,46,0
306,Personal Info Completed,2024-06-08,Phone,65,0
306,Medical Questions Completed,2024-06-08,Agent,54,0
306,Underwriting Review,2024-06-12,Agent,50,0
306,Approved,2024-06-14,Phone,31,0
307,Started,2024-04-24,Agent,45,0
307,Personal Info Completed,2024-04-27,Agent,36,0
308,Started,2024-05-31,Online,64,0
309,Started,2024-03-14,Online,46,0
309,Personal Info Completed,2024-03-16,Online,51,0
310,Started,2024-02-17,Online,56,0
310,Personal Info Completed,2024-02-20,Online,22,0
311,Started,2024-02-27,Online,66,0
312,Started,2024-05-10,Phone,49,0
313,Started,2024-02-23,Online,39,1
313,Personal Info Completed,2024-02-26,Agent,58,0
313,Medical Questions Completed,2024-02-29,Agent,58,1
313,Underwriting Review,2024-02-26,Agent,47,0
313,Approved,2024-03-02,Agent,23,0
314,Started,2024-02-05,Online,62,0
314,Personal Info Completed,2024-02-07,Phone,37,1
314,Medical Questions Completed,2024-02-07,Phone,36,0
315,Started,2024-02-09,Phone,69,0
315,Personal Info Completed,2024-02-12,Agent,60,1
316,Started,2024-05-16,Online,32,0
316,Personal Info Completed,2024-05-17,Agent,54,0
316,Medical Questions Completed,2024-05-20,Online,52,0
317,Started,2024-01-29,Phone,45,0
317,Personal Info Completed,2024-02-01,Phone,20,0
318,Started,2024-03-02,Online,30,0
318,Personal Info Completed,2024-03-05,Online,57,0
319,Started,2024-05-17,Online,43,0
319,Personal Info Completed,2024-05-19,Phone,35,1
319,Medical Questions Completed,2024-05-21,Agent,64,0
320,Started,2024-03-01,Online,63,0
320,Personal Info Completed,2024-03-03,Agent,56,0
322,Started,2024-03-24,Online,54,0
322,Personal Info Completed,2024-03-25,Phone,32,0
322,Medical Questions Completed,2024-03-28,Agent,42,1
323,Started,2024-06-05,Agent,35,1
323,Personal Info Completed,2024-06-07,Online,55,0
325,Started,2024-03-31,Phone,62,0
325,Personal Info Completed,2024-04-01,Online,66,1
326,Started,2024-05-28,Agent,65,0
326,Personal Info Completed,2024-05-31,Agent,41,0
327,Started,2024-06-08,Agent,52,1
327,Personal Info Completed,2024-06-09,Agent,36,0
328,Started,2024-05-06,Agent,60,0
328,Personal Info Completed,2024-05-09,Phone,63,0
328,Medical Questions Completed,2024-05-12,Phone,22,1
330,Started,2024-06-18,Agent,28,1
331,Started,2024-06-03,Phone,28,0
331,Personal Info Completed,2024-06-04,Phone,42,0
331,Medical Questions Completed,2024-06-09,Online,24,0
331,Underwriting Review,2024-06-09,Agent,67,0
332,Started,2024-05-21,Online,60,0
332,Personal Info Completed,2024-05-23,Agent,20,0
333,Started,2024-01-13,Online,55,0
333,Personal Info Completed,2024-01-16,Phone,39,0
333,Medical Questions Completed,2024-01-17,Agent,34,0
334,Started,2024-05-23,Phone,33,1
335,Started,2024-06-24,Phone,26,1
335,Personal Info Completed,2024-06-26,Online,64,0
335,Medical Questions Completed,2024-06-30,Phone,47,0
335,Underwriting Review,2024-06-27,Phone,29,1
336,Started,2024-04-03,Phone,51,0
336,Personal Info Completed,2024-04-05,Phone,37,0
337,Started,2024-06-08,Phone,54,0
338,Started,2024-02-09,Phone,63,0
338,Personal Info Completed,2024-02-11,Phone,45,0
339,Started,2024-02-05,Phone,35,0
340,Started,2024-05-06,Agent,48,0
340,Personal Info Completed,2024-05-08,Online,55,0
340,Medical Questions Completed,2024-05-12,Agent,40,0
340,Underwriting Review,2024-05-15,Agent,59,0
340,Approved,2024-05-14,Online,42,0
341,Started,2024-06-16,Phone,32,0
342,Started,2024-03-21,Phone,38,0
342,Personal Info Completed,2024-03-24,Agent,36,0
342,Medical Questions Completed,2024-03-25,Phone,56,0
345,Started,2024-05-13,Agent,31,0
345,Personal Info Completed,2024-05-16,Online,30,0
345,Medical Questions Completed,2024-05-17,Online,47,1
345,Underwriting Review,2024-05-19,Agent,33,0
346,Started,2024-03-12,Agent,49,0
346,Personal Info Completed,2024-03-15,Online,48,0
346,Medical Questions Completed,2024-03-14,Phone,58,0
346,Underwriting Review,2024-03-21,Phone,39,0
347,Started,2024-06-18,Online,53,0
347,Personal Info Completed,2024-06-19,Agent,25,1
347,Medical Questions Completed,2024-06-22,Phone,43,0
348,Started,2024-06-04,Agent,35,0
348,Personal Info Completed,2024-06-05,Agent,46,0
348,Medical Questions Completed,2024-06-10,Online,47,0
348,Underwriting Review,2024-06-13,Phone,26,0
349,Started,2024-02-22,Online,69,1
350,Started,2024-02-13,Online,49,0
350,Personal Info Completed,2024-02-15,Online,25,0
350,Medical Questions Completed,2024-02-15,Phone,57,0
350,Underwriting Review,2024-02-22,Phone,48,0
350,Approved,2024-02-17,Online,38,1
351,Started,2024-03-26,Online,68,0
352,Started,2024-04-24,Online,68,0
352,Personal Info Completed,2024-04-27,Phone,34,0
352,Medical Questions Completed,2024-04-28,Agent,54,1
353,Started,2024-06-25,Online,69,0
353,Personal Info Completed,2024-06-28,Agent,36,0
353,Medical Questions Completed,2024-07-01,Online,59,0
355,Started,2024-06-03,Phone,31,0
356,Started,2024-03-07,Agent,59,1
356,Personal Info Completed,2024-03-09,Phone,20,0
356,Medical Questions Completed,2024-03-13,Online,32,0
357,Started,2024-02-13,Phone,48,0
358,Started,2024-05-11,Online,42,0
359,Started,2024-05-28,Agent,38,0
359,Personal Info Completed,2024-05-30,Online,32,1
359,Medical Questions Completed,2024-06-03,Agent,42,0
359,Underwriting Review,2024-05-31,Agent,66,0
359,Approved,2024-06-09,Phone,35,0
360,Started,2024-04-13,Agent,27,0
360,Personal Info Completed,2024-04-16,Phone,22,0
360,Medical Questions Completed,2024-04-15,Phone,62,0
360,Underwriting Review,2024-04-22,Agent,18,0
361,Started,2024-01-11,Agent,30,0
361,Personal Info Completed,2024-01-12,Online,45,1
361,Medical Questions Completed,2024-01-17,Agent,38,0
361,Underwriting Review,2024-01-20,Online,29,0
361,Approved,2024-01-15,Phone,18,0
362,Started,2024-06-18,Agent,55,1
363,Started,2024-06-23,Agent,30,0
363,Personal Info Completed,2024-06-25,Online,23,0
363,Medical Questions Completed,2024-06-25,Phone,44,0
363,Underwriting Review,2024-07-02,Agent,22,1
364,Started,2024-06-10,Agent,37,0
364,Personal Info Completed,2024-06-12,Agent,21,0
365,Started,2024-01-13,Phone,36,0
365,Personal Info Completed,2024-01-16,Online,52,0
365,Medical Questions Completed,2024-01-17,Online,34,1
366,Started,2024-04-08,Agent,31,0
366,Personal Info Completed,2024-04-10,Phone,33,1
366,Medical Questions Completed,2024-04-10,Agent,45,0
367,Started,2024-01-03,Phone,48,1
367,Personal Info Completed,2024-01-06,Phone,56,0
367,Medical Questions Completed,2024-01-09,Agent,27,0
367,Underwriting Review,2024-01-06,Online,56,0
368,Started,2024-06-21,Agent,63,0
369,Started,2024-01-06,Phone,57,0
369,Personal Info Completed,2024-01-08,Agent,65,1
369,Medical Questions Completed,2024-01-10,Phone,60,1
370,Started,2024-03-21,Agent,23,0
370,Personal Info Completed,2024-03-23,Phone,28,0
371,Started,2024-05-16,Agent,50,0
371,Personal Info Completed,2024-05-17,Phone,27,0
371,Medical Questions Completed,2024-05-22,Phone,47,0
371,Underwriting Review,2024-05-25,Online,27,1
371,Approved,2024-05-24,Agent,58,0
371,Policy Issued,2024-05-26,Agent,52,0
372,Started,2024-03-25,Phone,34,0
373,Started,2024-03-16,Agent,28,0
373,Personal Info Completed,2024-03-19,Online,43,1
374,Started,2024-06-23,Online,21,1
374,Personal Info Completed,2024-06-26,Phone,44,0
375,Started,2024-04-20,Online,60,1
375,Personal Info Completed,2024-04-21,Online,43,0
375,Medical Questions Completed,2024-04-22,Phone,29,0
375,Underwriting Review,2024-04-26,Agent,24,0
376,Started,2024-02-06,Phone,63,0
376,Personal Info Completed,2024-02-07,Online,44,1
376,Medical Questions Completed,2024-02-08,Agent,53,0
376,Underwriting Review,2024-02-12,Online,53,0
376,Approved,2024-02-14,Online,60,0
376,Policy Issued,2024-02-16,Phone,53,0
377,Started,2024-05-26,Phone,37,0
378,Started,2024-03-22,Agent,28,0
378,Personal Info Completed,2024-03-23,Agent,30,1
378,Medical Questions Completed,2024-03-28,Phone,59,0
381,Started,2024-02-01,Agent,19,0
381,Personal Info Completed,2024-02-03,Phone,48,0
382,Started,2024-04-28,Agent,64,1
382,Personal Info Completed,2024-04-29,Phone,45,0
383,Started,2024-04-15,Phone,43,0
383,Personal Info Completed,2024-04-18,Online,20,0
385,Started,2024-02-18,Agent,37,0
386,Started,2024-05-04,Online,30,0
386,Personal Info Completed,2024-05-07,Online,33,0
386,Medical Questions Completed,2024-05-08,Phone,44,0
386,Underwriting Review,2024-05-10,Online,19,0
386,Approved,2024-05-12,Online,27,0
386,Policy Issued,2024-05-19,Agent,18,0
387,Started,2024-06-12,Agent,48,1
387,Personal Info Completed,2024-06-15,Online,45,0
387,Medical Questions Completed,2024-06-14,Agent,63,0
388,Started,2024-05-21,Agent,23,0
388,Personal Info Completed,2024-05-23,Phone,33,1
388,Medical Questions Completed,2024-05-23,Online,53,0
389,Started,2024-05-30,Phone,22,0
389,Personal Info Completed,2024-06-01,Phone,48,0
390,Started,2024-03-21,Online,24,0
391,Started,2024-05-24,Agent,22,0
391,Personal Info Completed,2024-05-27,Agent,32,1
391,Medical Questions Completed,2024-05-30,Online,45,0
391,Underwriting Review,2024-06-02,Online,37,0
392,Started,2024-03-10,Agent,19,0
392,Personal Info Completed,2024-03-11,Phone,18,0
392,Medical Questions Completed,2024-03-16,Phone,64,1
392,Underwriting Review,2024-03-16,Agent,33,1
393,Started,2024-05-06,Online,34,0
394,Started,2024-01-08,Online,20,0
394,Personal Info Completed,2024-01-09,Online,56,1
394,Medical Questions Completed,2024-01-12,Phone,62,0
395,Started,2024-03-26,Online,62,1
395,Personal Info Completed,2024-03-28,Agent,65,0
395,Medical Questions Completed,2024-03-28,Online,37,0
396,Started,2024-06-27,Phone,31,0
396,Personal Info Completed,2024-06-30,Agent,51,0
397,Started,2024-06-22,Agent,45,1
398,Started,2024-02-21,Phone,56,0
398,Personal Info Completed,2024-02-23,Agent,63,0
399,Started,2024-06-13,Online,42,1
399,Personal Info Completed,2024-06-15,Phone,49,0
399,Medical Questions Completed,2024-06-19,Agent,58,0
399,Underwriting Review,2024-06-22,Phone,43,1
400,Started,2024-04-06,Phone,47,0
400,Personal Info Completed,2024-04-08,Agent,69,0
400,Medical Questions Completed,2024-04-08,Phone,55,0
401,Started,2024-03-04,Agent,40,0
401,Personal Info Completed,2024-03-05,Agent,66,0
401,Medical Questions Completed,2024-03-10,Online,67,0
401,Underwriting Review,2024-03-07,Online,51,0
402,Started,2024-01-04,Agent,26,0
402,Personal Info Completed,2024-01-07,Agent,69,0
402,Medical Questions Completed,2024-01-08,Online,35,0
403,Started,2024-04-08,Phone,21,0
403,Personal Info Completed,2024-04-10,Agent,65,0
404,Started,2024-06-06,Agent,53,0
404,Personal Info Completed,2024-06-09,Online,18,0
405,Started,2024-03-30,Agent,36,0
405,Personal Info Completed,2024-03-31,Agent,59,0
406,Started,2024-04-27,Online,38,0
406,Personal Info Completed,2024-04-30,Agent,32,0
406,Medical Questions Completed,2024-05-01,Agent,20,0
406,Underwriting Review,2024-05-03,Online,50,1
406,Approved,2024-05-09,Phone,35,0
407,Started,2024-01-22,Agent,59,0
407,Personal Info Completed,2024-01-25,Phone,33,1
407,Medical Questions Completed,2024-01-28,Phone,66,0
407,Underwriting Review,2024-01-25,Phone,22,0
408,Started,2024-03-14,Phone,24,0
408,Personal Info Completed,2024-03-17,Agent,45,0
408,Medical Questions Completed,2024-03-20,Agent,30,1
409,Started,2024-01-08,Phone,38,0
409,Personal Info Completed,2024-01-09,Phone,65,0
409,Medical Questions Completed,2024-01-10,Online,24,0
409,Underwriting Review,2024-01-11,Agent,41,0
411,Started,2024-04-19,Online,67,0
411,Personal Info Completed,2024-04-21,Agent,65,0
411,Medical Questions Completed,2024-04-25,Phone,23,0
413,Started,2024-02-12,Phone,45,0
413,Personal Info Completed,2024-02-15,Online,57,0
413,Medical Questions Completed,2024-02-16,Online,51,0
414,Started,2024-01-06,Agent,62,0
414,Personal Info Completed,2024-01-08,Agent,64,0
414,Medical Questions Completed,2024-01-08,Agent,64,1
414,Underwriting Review,2024-01-12,Phone,28,1
414,Approved,2024-01-14,Agent,31,1
414,Policy Issued,2024-01-11,Online,68,0
415,Started,2024-05-30,Agent,29,0
415,Personal Info Completed,2024-06-02,Online,36,0
415,Medical Questions Completed,2024-06-03,Online,54,0
415,Underwriting Review,2024-06-08,Agent,30,0
416,Started,2024-05-29,Online,63,0
416,Personal Info Completed,2024-05-31,Online,43,1
417,Started,2024-03-05,Phone,60,0
417,Personal Info Completed,2024-03-06,Phone,35,0
417,Medical Questions Completed,2024-03-07,Phone,40,0
417,Underwriting Review,2024-03-14,Phone,57,0
418,Started,2024-06-24,Phone,26,0
418,Personal Info Completed,2024-06-25,Agent,57,0
418,Medical Questions Completed,2024-06-30,Online,45,0
418,Underwriting Review,2024-06-27,Agent,67,0
419,Started,2024-02-07,Agent,19,1
419,Personal Info Completed,2024-02-10,Online,41,0
420,Started,2024-04-25,Phone,18,0
420,Personal Info Completed,2024-04-27,Phone,51,1
420,Medical Questions Completed,2024-05-01,Phone,36,0
420,Underwriting Review,2024-04-28,Online,59,0
420,Approved,2024-05-07,Agent,51,0
421,Started,2024-01-21,Phone,56,0
422,Started,2024-01-18,Online,48,0
422,Personal Info Completed,2024-01-19,Online,26,0
422,Medical Questions Completed,2024-01-24,Phone,69,0
423,Started,2024-03-19,Online,30,0
423,Personal Info Completed,2024-03-20,Phone,58,1
423,Medical Questions Completed,2024-03-23,Online,47,0
423,Underwriting Review,2024-03-22,Agent,30,0
423,Approved,2024-03-23,Agent,26,0
423,Policy Issued,2024-04-03,Phone,57,1
426,Started,2024-03-29,Online,62,0
426,Personal Info Completed,2024-04-01,Agent,23,0
426,Medical Questions Completed,2024-04-04,Agent,37,0
426,Underwriting Review,2024-04-07,Phone,64,1
427,Started,2024-04-14,Phone,52,1
427,Personal Info Completed,2024-04-16,Phone,47,0
427,Medical Questions Completed,2024-04-20,Agent,57,1
427,Underwriting Review,2024-04-23,Agent,34,0
428,Started,2024-06-03,Agent,41,0
429,Started,2024-05-05,Agent,41,0
429,Personal Info Completed,2024-05-07,Agent,45,1
430,Started,2024-03-18,Agent,56,0
431,Started,2024-01-20,Phone,24,0
431,Personal Info Completed,2024-01-23,Agent,21,0
431,Medical Questions Completed,2024-01-22,Phone,44,1
431,Underwriting Review,2024-01-29,Phone,58,1
432,Started,2024-06-09,Online,34,0
433,Started,2024-01-03,Phone,69,0
433,Personal Info Completed,2024-01-04,Phone,48,1
434,Started,2024-05-30,Agent,67,0
436,Started,2024-01-08,Phone,30,0
437,Started,2024-04-05,Online,30,1
437,Personal Info Completed,2024-04-07,Online,46,0
437,Medical Questions Completed,2024-04-07,Phone,48,0
437,Underwriting Review,2024-04-11,Phone,19,0
438,Started,2024-02-25,Online,39,0
439,Started,2024-05-01,Online,33,0
440,Started,2024-03-25,Agent,34,1
440,Personal Info Completed,2024-03-28,Online,54,0
440,Medical Questions Completed,2024-03-27,Agent,26,0
440,Underwriting Review,2024-03-31,Agent,51,0
440,Approved,2024-04-02,Online,35,0
440,Policy Issued,2024-03-30,Online,35,0
441,Started,2024-02-28,Online,53,1
441,Personal Info Completed,2024-03-01,Phone,67,0
441,Medical Questions Completed,2024-03-01,Agent,30,0
444,Started,2024-01-30,Phone,24,0
445,Started,2024-02-09,Online,21,1
446,Started,2024-04-16,Agent,26,0
446,Personal Info Completed,2024-04-19,Phone,23,0
448,Started,2024-04-22,Phone,36,0
448,Personal Info Completed,2024-04-25,Agent,47,0
449,Started,2024-05-05,Agent,51,1
449,Personal Info Completed,2024-05-07,Phone,34,0
451,Started,2024-02-25,Agent,52,0
451,Personal Info Completed,2024-02-26,Online,23,0
454,Started,2024-06-16,Agent,60,0
455,Started,2024-05-14,Phone,51,0
455,Personal Info Completed,2024-05-16,Phone,49,0
455,Medical Questions Completed,2024-05-16,Online,54,1
456,Started,2024-04-14,Phone,23,0
456,Personal Info Completed,2024-04-15,Phone,40,0
458,Started,2024-04-06,Phone,44,1
458,Personal Info Completed,2024-04-09,Agent,50,0
458,Medical Questions Completed,2024-04-10,Online,43,0
459,Started,2024-06-05,Online,40,0
460,Started,2024-01-31,Online,18,0
460,Personal Info Completed,2024-02-02,Phone,27,0
460,Medical Questions Completed,2024-02-02,Agent,34,0
461,Started,2024-06-18,Phone,44,0
461,Personal Info Completed,2024-06-21,Agent,19,0
461,Medical Questions Completed,2024-06-20,Phone,42,0
461,Underwriting Review,2024-06-27,Agent,50,1
462,Started,2024-06-24,Online,62,0
462,Personal Info Completed,2024-06-25,Online,41,1
462,Medical Questions Completed,2024-06-26,Agent,41,0
463,Started,2024-04-26,Agent,28,0
463,Personal Info Completed,2024-04-27,Agent,62,1
464,Started,2024-04-10,Online,31,0
464,Personal Info Completed,2024-04-12,Phone,37,0
464,Medical Questions Completed,2024-04-12,Online,32,0
464,Underwriting Review,2024-04-19,Phone,43,1
464,Approved,2024-04-18,Agent,45,0
465,Started,2024-05-10,Phone,34,0
465,Personal Info Completed,2024-05-13,Phone,60,0
466,Started,2024-02-21,Phone,63,0
467,Started,2024-02-23,Online,27,0
467,Personal Info Completed,2024-02-24,Phone,45,0
467,Medical Questions Completed,2024-02-29,Online,31,0
467,Underwriting Review,2024-03-03,Online,43,0
467,Approved,2024-03-06,Online,43,1
468,Started,2024-01-30,Online,30,0
468,Personal Info Completed,2024-02-01,Online,45,0
468,Medical Questions Completed,2024-02-03,Online,40,0
469,Started,2024-02-17,Agent,20,0
469,Personal Info Completed,2024-02-19,Phone,51,1
469,Medical Questions Completed,2024-02-19,Agent,35,0
470,Started,2024-04-26,Phone,23,0
471,Started,2024-04-10,Online,28,0
472,Started,2024-03-09,Online,32,0
472,Personal Info Completed,2024-03-11,Online,25,0
472,Medical Questions Completed,2024-03-13,Online,52,0
472,Underwriting Review,2024-03-15,Agent,61,0
473,Started,2024-01-10,Phone,48,0
473,Personal Info Completed,2024-01-12,Online,51,0
473,Medical Questions Completed,2024-01-14,Online,36,1
474,Started,2024-04-07,Phone,28,0
474,Personal Info Completed,2024-04-08,Agent,25,0
474,Medical Questions Completed,2024-04-11,Online,37,0
475,Started,2024-04-15,Agent,67,0
475,Personal Info Completed,2024-04-17,Agent,56,1
475,Medical Questions Completed,2024-04-17,Online,43,0
475,Underwriting Review,2024-04-21,Agent,23,0
476,Started,2024-05-31,Agent,38,0
476,Personal Info Completed,2024-06-01,Phone,35,0
476,Medical Questions Completed,2024-06-04,Phone,27,0
478,Started,2024-01-25,Online,69,0
478,Personal Info Completed,2024-01-28,Phone,57,1
478,Medical Questions Completed,2024-01-31,Online,54,0
478,Underwriting Review,2024-01-31,Online,35,0
478,Approved,2024-01-29,Agent,61,0
480,Started,2024-06-12,Online,21,1
480,Personal Info Completed,2024-06-14,Phone,40,0
480,Medical Questions Completed,2024-06-16,Online,25,0
480,Underwriting Review,2024-06-18,Agent,30,0
480,Approved,2024-06-24,Agent,29,1
481,Started,2024-03-22,Agent,54,0
482,Started,2024-01-16,Online,49,0
482,Personal Info Completed,2024-01-19,Agent,69,0
482,Medical Questions Completed,2024-01-20,Phone,59,0
483,Started,2024-06-04,Phone,65,0
483,Personal Info Completed,2024-06-07,Agent,54,1
483,Medical Questions Completed,2024-06-06,Online,66,1
483,Underwriting Review,2024-06-13,Phone,33,0
484,Started,2024-04-13,Agent,42,0
484,Personal Info Completed,2024-04-14,Online,29,0
484,Medical Questions Completed,2024-04-19,Online,51,1
485,Started,2024-04-15,Agent,28,1
485,Personal Info Completed,2024-04-16,Phone,58,0
486,Started,2024-03-14,Agent,32,0
486,Personal Info Completed,2024-03-17,Agent,29,1
487,Started,2024-03-20,Phone,29,0
487,Personal Info Completed,2024-03-21,Online,35,0
487,Medical Questions Completed,2024-03-22,Phone,51,0
487,Underwriting Review,2024-03-23,Phone,62,0
487,Approved,2024-03-24,Agent,59,0
488,Started,2024-01-17,Phone,63,1
488,Personal Info Completed,2024-01-18,Agent,55,0
488,Medical Questions Completed,2024-01-23,Online,21,0
488,Underwriting Review,2024-01-26,Agent,48,0
489,Started,2024-02-17,Phone,41,0
489,Personal Info Completed,2024-02-18,Phone,30,1
489,Medical Questions Completed,2024-02-21,Agent,53,0
491,Started,2024-05-03,Online,21,1
491,Personal Info Completed,2024-05-06,Agent,37,0
492,Started,2024-06-13,Agent,54,1
492,Personal Info Completed,2024-06-15,Agent,53,0
493,Started,2024-04-18,Online,21,0
495,Started,2024-02-11,Online,27,0
495,Personal Info Completed,2024-02-14,Online,25,0
496,Started,2024-03-18,Online,26,0
496,Personal Info Completed,2024-03-20,Phone,69,0
496,Medical Questions Completed,2024-03-24,Phone,53,0
496,Underwriting Review,2024-03-21,Agent,46,0
497,Started,2024-04-17,Online,18,0
497,Personal Info Completed,2024-04-20,Agent,40,0
497,Medical Questions Completed,2024-04-19,Online,38,0
497,Underwriting Review,2024-04-20,Phone,50,1
497,Approved,2024-04-21,Phone,58,0
498,Started,2024-02-24,Agent,38,0
498,Personal Info Completed,2024-02-26,Phone,30,0
500,Started,2024-05-14,Agent,37,0
500,Personal Info Completed,2024-05-16,Phone,53,0
500,Medical Questions Completed,2024-05-18,Online,24,0
500,Underwriting Review,2024-05-17,Agent,42,1
501,Started,2024-01-29,Agent,22,0
502,Started,2024-01-12,Phone,52,0
503,Started,2024-02-01,Online,52,0
503,Personal Info Completed,2024-02-02,Online,66,0
503,Medical Questions Completed,2024-02-07,Phone,49,0
503,Underwriting Review,2024-02-07,Agent,49,0
507,Started,2024-06-10,Agent,26,1
507,Personal Info Completed,2024-06-13,Phone,52,0
507,Medical Questions Completed,2024-06-14,Phone,37,0
508,Started,2024-05-29,Agent,21,1
508,Personal Info Completed,2024-06-01,Online,48,0
508,Medical Questions Completed,2024-06-02,Agent,55,0
508,Underwriting Review,2024-06-04,Agent,32,0
509,Started,2024-03-11,Phone,56,0
509,Personal Info Completed,2024-03-13,Online,68,0
510,Started,2024-03-18,Agent,49,0
510,Personal Info Completed,2024-03-20,Phone,20,0
510,Medical Questions Completed,2024-03-20,Phone,30,0
510,Underwriting Review,2024-03-27,Online,69,0
510,Approved,2024-03-26,Online,44,0
510,Policy Issued,2024-03-28,Phone,52,1
511,Started,2024-04-10,Phone,48,0
511,Personal Info Completed,2024-04-11,Agent,31,0
511,Medical Questions Completed,2024-04-12,Phone,34,0
511,Underwriting Review,2024-04-16,Phone,43,0
511,Approved,2024-04-22,Phone,29,0
512,Started,2024-02-08,Online,62,0
513,Started,2024-04-06,Online,52,0
513,Personal Info Completed,2024-04-09,Agent,24,0
513,Medical Questions Completed,2024-04-10,Phone,25,0
513,Underwriting Review,2024-04-09,Agent,23,0
514,Started,2024-06-26,Phone,34,0
514,Personal Info Completed,2024-06-29,Phone,63,0
515,Started,2024-03-24,Online,25,0
515,Personal Info Completed,2024-03-26,Agent,64,0
516,Started,2024-04-27,Phone,48,0
516,Personal Info Completed,2024-04-30,Agent,40,0
516,Medical Questions Completed,2024-05-03,Agent,45,0
519,Started,2024-02-14,Phone,47,0
519,Personal Info Completed,2024-02-17,Agent,64,0
519,Medical Questions Completed,2024-02-20,Agent,32,0
519,Underwriting Review,2024-02-23,Online,46,1
519,Approved,2024-02-26,Agent,20,0
520,Started,2024-01-11,Phone,44,0
520,Personal Info Completed,2024-01-13,Agent,19,0
522,Started,2024-04-08,Online,42,0
522,Personal Info Completed,2024-04-11,Phone,19,1
524,Started,2024-06-10,Phone,27,0
524,Personal Info Completed,2024-06-11,Online,64,1
524,Medical Questions Completed,2024-06-14,Online,63,1
525,Started,2024-03-30,Online,32,0
525,Personal Info Completed,2024-03-31,Phone,69,0
526,Started,2024-02-24,Agent,44,1
526,Personal Info Completed,2024-02-27,Agent,63,1
526,Medical Questions Completed,2024-02-26,Online,24,0
526,Underwriting Review,2024-03-04,Agent,38,0
526,Approved,2024-03-03,Agent,48,0
527,Started,2024-01-09,Agent,46,0
528,Started,2024-04-18,Phone,40,0
528,Personal Info Completed,2024-04-20,Agent,48,1
528,Medical Questions Completed,2024-04-20,Online,44,0
528,Underwriting Review,2024-04-27,Online,60,1
530,Started,2024-02-11,Agent,63,0
532,Started,2024-03-14,Agent,20,0
532,Personal Info Completed,2024-03-15,Agent,35,1
532,Medical Questions Completed,2024-03-16,Phone,41,0
533,Started,2024-05-08,Agent,58,0
533,Personal Info Completed,2024-05-11,Agent,61,0
533,Medical Questions Completed,2024-05-14,Agent,52,1
533,Underwriting Review,2024-05-17,Online,68,0
533,Approved,2024-05-12,Agent,28,1
534,Started,2024-03-08,Online,27,0
535,Started,2024-02-10,Phone,56,1
535,Personal Info Completed,2024-02-12,Online,54,1
535,Medical Questions Completed,2024-02-16,Phone,49,1
535,Underwriting Review,2024-02-13,Online,52,0
535,Approved,2024-02-14,Phone,42,0
536,Started,2024-03-09,Phone,62,0
536,Personal Info Completed,2024-03-10,Agent,67,0
536,Medical Questions Completed,2024-03-13,Online,53,0
537,Started,2024-02-08,Online,34,1
537,Personal Info Completed,2024-02-09,Phone,31,0
537,Medical Questions Completed,2024-02-12,Agent,50,1
538,Started,2024-06-27,Online,36,1
539,Started,2024-05-11,Agent,29,0
540,Started,2024-04-15,Online,22,1
540,Personal Info Completed,2024-04-16,Agent,26,0
540,Medical Questions Completed,2024-04-19,Agent,42,0
541,Started,2024-06-05,Agent,66,1
541,Personal Info Completed,2024-06-07,Phone,68,1
541,Medical Questions Completed,2024-06-09,Online,59,1
541,Underwriting Review,2024-06-11,Online,55,0
541,Approved,2024-06-09,Online,25,0
544,Started,2024-02-01,Agent,67,0
545,Started,2024-01-30,Agent,20,0
545,Personal Info Completed,2024-01-31,Phone,61,0
545,Medical Questions Completed,2024-02-03,Online,58,0
547,Started,2024-03-17,Agent,61,0
548,Started,2024-05-06,Agent,24,0
548,Personal Info Completed,2024-05-09,Online,20,0
549,Started,2024-02-22,Online,59,1
549,Personal Info Completed,2024-02-25,Phone,51,0
549,Medical Questions Completed,2024-02-26,Agent,47,0
550,Started,2024-05-03,Online,64,1
551,Started,2024-01-25,Phone,25,0
552,Started,2024-01-26,Agent,59,0
552,Personal Info Completed,2024-01-27,Phone,54,0
552,Medical Questions Completed,2024-02-01,Phone,43,0
552,Underwriting Review,2024-02-01,Online,22,0
553,Started,2024-01-13,Phone,50,0
553,Personal Info Completed,2024-01-15,Agent,33,0
553,Medical Questions Completed,2024-01-15,Online,55,0
554,Started,2024-02-19,Phone,58,0
554,Personal Info Completed,2024-02-22,Agent,46,0
555,Started,2024-01-06,Agent,39,1
555,Personal Info Completed,2024-01-08,Online,30,0
555,Medical Questions Completed,2024-01-12,Phone,26,0
555,Underwriting Review,2024-01-09,Agent,68,1
555,Approved,2024-01-18,Phone,59,1
556,Started,2024-06-24,Phone,35,1
556,Personal Info Completed,2024-06-25,Phone,28,0
556,Medical Questions Completed,2024-06-26,Phone,45,0
557,Started,2024-03-17,Online,33,1
557,Personal Info Completed,2024-03-20,Phone,63,1
557,Medical Questions Completed,2024-03-23,Phone,59,1
557,Underwriting Review,2024-03-20,Phone,19,0
558,Started,2024-01-31,Online,20,0
558,Personal Info Completed,2024-02-01,Online,20,0
559,Started,2024-02-07,Online,38,1
559,Personal Info Completed,2024-02-10,Online,34,1
559,Medical Questions Completed,2024-02-13,Phone,29,0
559,Underwriting Review,2024-02-16,Agent,22,0
560,Started,2024-04-08,Phone,50,0
560,Personal Info Completed,2024-04-11,Phone,28,0
560,Medical Questions Completed,2024-04-10,Phone,52,0
561,Started,2024-02-27,Online,46,0
562,Started,2024-05-27,Online,49,0
562,Personal Info Completed,2024-05-30,Online,18,0
563,Started,2024-05-19,Phone,52,0
563,Personal Info Completed,2024-05-21,Phone,30,0
563,Medical Questions Completed,2024-05-21,Phone,22,0
564,Started,2024-06-26,Online,62,0
566,Started,2024-05-16,Agent,30,1
567,Started,2024-01-15,Online,39,0
568,Started,2024-02-18,Online,33,0
568,Personal Info Completed,2024-02-19,Phone,31,0
568,Medical Questions Completed,2024-02-20,Online,40,0
569,Started,2024-05-21,Phone,56,0
570,Started,2024-02-02,Online,50,1
570,Personal Info Completed,2024-02-05,Phone,23,0
570,Medical Questions Completed,2024-02-04,Agent,27,0
570,Underwriting Review,2024-02-08,Online,47,0
570,Approved,2024-02-14,Agent,33,0
572,Started,2024-01-17,Phone,37,0
572,Personal Info Completed,2024-01-18,Online,55,0
573,Started,2024-02-24,Online,51,0
573,Personal Info Completed,2024-02-25,Agent,24,0
575,Started,2024-04-15,Agent,65,0
575,Personal Info Completed,2024-04-18,Online,49,0
575,Medical Questions Completed,2024-04-17,Agent,26,0
576,Started,2024-05-27,Phone,47,0
576,Personal Info Completed,2024-05-30,Phone,48,1
576,Medical Questions Completed,2024-05-31,Phone,36,0
576,Underwriting Review,2024-05-30,Online,32,1
576,Approved,2024-06-04,Phone,69,0
577,Started,2024-01-23,Phone,45,0
577,Personal Info Completed,2024-01-24,Phone,54,0
577,Medical Questions Completed,2024-01-27,Agent,27,0
578,Started,2024-04-17,Phone,31,0
578,Personal Info Completed,2024-04-18,Online,27,0
578,Medical Questions Completed,2024-04-21,Online,69,0
578,Underwriting Review,2024-04-20,Online,21,0
580,Started,2024-04-10,Online,25,0
580,Personal Info Completed,2024-04-13,Phone,51,1
580,Medical Questions Completed,2024-04-12,Agent,19,0
580,Underwriting Review,2024-04-19,Agent,45,0
580,Approved,2024-04-18,Agent,68,0
580,Policy Issued,2024-04-15,Agent,51,1
581,Started,2024-01-24,Phone,45,0
581,Personal Info Completed,2024-01-25,Agent,28,0
581,Medical Questions Completed,2024-01-26,Agent,45,0
581,Underwriting Review,2024-01-30,Agent,62,0
581,Approved,2024-01-28,Online,66,0
582,Started,2024-03-03,Online,51,0
582,Personal Info Completed,2024-03-06,Agent,56,0
582,Medical Questions Completed,2024-03-07,Agent,21,0
582,Underwriting Review,2024-03-06,Phone,55,1
583,Started,2024-04-20,Phone,57,1
584,Started,2024-04-19,Agent,26,0
584,Personal Info Completed,2024-04-20,Agent,42,0
584,Medical Questions Completed,2024-04-25,Phone,32,0
584,Underwriting Review,2024-04-28,Phone,36,0
587,Started,2024-01-03,Phone,65,0
588,Started,2024-04-16,Phone,47,0
588,Personal Info Completed,2024-04-17,Online,27,0
589,Started,2024-04-10,Phone,23,0
590,Started,2024-05-26,Phone,69,0
590,Personal Info Completed,2024-05-27,Online,25,1
590,Medical Questions Completed,2024-06-01,Phone,67,1
590,Underwriting Review,2024-06-01,Online,20,0
590,Approved,2024-06-03,Agent,39,0
591,Started,2024-06-11,Agent,54,0
591,Personal Info Completed,2024-06-14,Phone,34,1
591,Medical Questions Completed,2024-06-15,Online,26,0
591,Underwriting Review,2024-06-14,Online,38,0
592,Started,2024-04-24,Online,64,0
592,Personal Info Completed,2024-04-25,Online,20,0
593,Started,2024-06-25,Agent,53,0
593,Personal Info Completed,2024-06-28,Online,21,1
594,Started,2024-02-04,Agent,60,1
595,Started,2024-05-14,Online,46,1
595,Personal Info Completed,2024-05-17,Phone,56,1
597,Started,2024-04-28,Agent,30,0
597,Personal Info Completed,2024-05-01,Phone,48,0
597,Medical Questions Completed,2024-05-02,Online,26,0
598,Started,2024-01-14,Phone,38,0
600,Started,2024-05-12,Online,68,0
600,Personal Info Completed,2024-05-14,Phone,62,0
601,Started,2024-03-26,Phone,50,0
602,Started,2024-04-21,Phone,59,0
602,Personal Info Completed,2024-04-23,Online,67,1
602,Medical Questions Completed,2024-04-27,Agent,55,0
603,Started,2024-03-30,Online,32,0
603,Personal Info Completed,2024-03-31,Phone,35,0
603,Medical Questions Completed,2024-04-05,Phone,51,0
603,Underwriting Review,2024-04-05,Online,35,0
604,Started,2024-05-05,Phone,60,0
604,Personal Info Completed,2024-05-06,Agent,37,0
604,Medical Questions Completed,2024-05-11,Online,33,0
605,Started,2024-01-08,Agent,56,0
606,Started,2024-04-27,Phone,61,1
607,Started,2024-04-22,Agent,24,0
607,Personal Info Completed,2024-04-25,Agent,37,0
607,Medical Questions Completed,2024-04-26,Online,27,0
608,Started,2024-02-14,Agent,66,0
608,Personal Info Completed,2024-02-16,Phone,55,0
608,Medical Questions Completed,2024-02-20,Agent,53,0
608,Underwriting Review,2024-02-20,Online,57,0
609,Started,2024-03-04,Agent,69,0
609,Personal Info Completed,2024-03-05,Online,29,0
610,Started,2024-02-24,Online,69,0
610,Personal Info Completed,2024-02-27,Agent,34,1
610,Medical Questions Completed,2024-03-01,Agent,41,0
610,Underwriting Review,2024-03-04,Online,30,1
611,Started,2024-06-15,Agent,24,0
612,Started,2024-05-20,Phone,28,0
612,Personal Info Completed,2024-05-21,Agent,33,0
613,Started,2024-05-28,Phone,55,0
615,Started,2024-03-01,Phone,36,0
616,Started,2024-04-12,Agent,66,0
616,Personal Info Completed,2024-04-14,Phone,26,0
616,Medical Questions Completed,2024-04-18,Agent,35,0
617,Started,2024-03-17,Phone,35,0
617,Personal Info Completed,2024-03-18,Phone,63,0
618,Started,2024-02-22,Online,19,0
618,Personal Info Completed,2024-02-24,Online,30,0
618,Medical Questions Completed,2024-02-26,Phone,56,0
618,Underwriting Review,2024-02-25,Online,63,0
619,Started,2024-03-24,Online,36,1
619,Personal Info Completed,2024-03-26,Agent,39,0
619,Medical Questions Completed,2024-03-26,Online,43,0
619,Underwriting Review,2024-03-30,Phone,64,0
621,Started,2024-01-12,Phone,34,0
621,Personal Info Completed,2024-01-15,Phone,51,0
621,Medical Questions Completed,2024-01-16,Phone,40,0
622,Started,2024-02-06,Agent,39,0
622,Personal Info Completed,2024-02-09,Agent,25,0
622,Medical Questions Completed,2024-02-08,Agent,52,0
623,Started,2024-02-05,Phone,29,0
623,Personal Info Completed,2024-02-08,Phone,50,1
624,Started,2024-05-31,Phone,58,0
624,Personal Info Completed,2024-06-03,Phone,60,0
625,Started,2024-03-03,Agent,55,0
626,Started,2024-03-11,Online,41,0
626,Personal Info Completed,2024-03-14,Agent,24,0
626,Medical Questions Completed,2024-03-17,Online,51,0
627,Started,2024-05-27,Phone,29,0
627,Personal Info Completed,2024-05-29,Agent,50,0
628,Started,2024-01-24,Online,33,0
628,Personal Info Completed,2024-01-26,Agent,33,0
630,Started,2024-02-12,Agent,56,0
630,Personal Info Completed,2024-02-15,Agent,59,0
631,Started,2024-04-03,Agent,68,0
631,Personal Info Completed,2024-04-05,Agent,34,0
632,Started,2024-02-21,Agent,63,1
633,Started,2024-02-22,Online,58,0
633,Personal Info Completed,2024-02-24,Phone,56,0
633,Medical Questions Completed,2024-02-26,Phone,24,0
634,Started,2024-04-24,Agent,54,0
634,Personal Info Completed,2024-04-26,Agent,25,0
635,Started,2024-01-30,Phone,27,0
635,Personal Info Completed,2024-01-31,Online,30,0
635,Medical Questions Completed,2024-02-03,Online,36,0
636,Started,2024-05-04,Online,26,0
637,Started,2024-03-09,Online,40,0
637,Personal Info Completed,2024-03-10,Phone,58,0
638,Started,2024-01-09,Online,68,0
638,Personal Info Completed,2024-01-11,Online,46,0
638,Medical Questions Completed,2024-01-11,Phone,25,0
638,Underwriting Review,2024-01-15,Agent,29,0
638,Approved,2024-01-17,Online,46,0
639,Started,2024-06-15,Online,18,0
639,Personal Info Completed,2024-06-17,Phone,58,1
640,Started,2024-02-02,Agent,37,0
640,Personal Info Completed,2024-02-05,Online,45,1
640,Medical Questions Completed,2024-02-08,Online,66,0
641,Started,2024-01-28,Online,48,1
642,Started,2024-01-08,Agent,22,0
642,Personal Info Completed,2024-01-11,Online,19,0
642,Medical Questions Completed,2024-01-12,Agent,42,0
644,Started,2024-04-03,Agent,47,0
644,Personal Info Completed,2024-04-04,Online,25,1
644,Medical Questions Completed,2024-04-05,Agent,63,0
644,Underwriting Review,2024-04-09,Phone,28,0
645,Started,2024-01-21,Agent,51,0
646,Started,2024-04-24,Online,23,0
646,Personal Info Completed,2024-04-27,Online,36,0
646,Medical Questions Completed,2024-04-30,Online,28,0
647,Started,2024-03-15,Agent,42,1
647,Personal Info Completed,2024-03-16,Phone,64,0
647,Medical Questions Completed,2024-03-17,Online,52,0
648,Started,2024-06-08,Online,65,0
648,Personal Info Completed,2024-06-10,Online,58,0
648,Medical Questions Completed,2024-06-14,Agent,27,0
649,Started,2024-05-19,Agent,28,0
650,Started,2024-01-18,Agent,66,1
651,Started,2024-06-18,Agent,42,0
651,Personal Info Completed,2024-06-21,Phone,20,0
651,Medical Questions Completed,2024-06-20,Agent,68,0
652,Started,2024-06-13,Online,64,0
654,Started,2024-06-16,Phone,38,1
655,Started,2024-05-18,Online,30,0
656,Started,2024-04-15,Phone,41,1
656,Personal Info Completed,2024-04-17,Online,19,0
656,Medical Questions Completed,2024-04-19,Online,50,0
656,Underwriting Review,2024-04-24,Online,34,1
656,Approved,2024-04-23,Phone,64,0
657,Started,2024-02-12,Online,29,1
657,Personal Info Completed,2024-02-15,Online,66,0
658,Started,2024-02-20,Phone,29,0
658,Personal Info Completed,2024-02-22,Phone,31,1
659,Started,2024-01-15,Agent,63,0
659,Personal Info Completed,2024-01-18,Online,48,0
659,Medical Questions Completed,2024-01-17,Phone,19,0
660,Started,2024-01-25,Online,40,1
660,Personal Info Completed,2024-01-27,Online,69,1
660,Medical Questions Completed,2024-01-31,Agent,31,1
660,Underwriting Review,2024-01-31,Phone,27,0
661,Started,2024-02-26,Online,24,0
661,Personal Info Completed,2024-02-29,Phone,64,0
661,Medical Questions Completed,2024-02-28,Phone,26,1
661,Underwriting Review,2024-03-03,Phone,40,0
661,Approved,2024-03-01,Phone,68,1
661,Policy Issued,2024-03-02,Agent,68,0
662,Started,2024-06-16,Phone,61,1
662,Personal Info Completed,2024-06-19,Online,27,0
662,Medical Questions Completed,2024-06-18,Phone,29,1
663,Started,2024-03-03,Online,28,0
663,Personal Info Completed,2024-03-05,Phone,42,0
664,Started,2024-01-14,Phone,25,1
664,Personal Info Completed,2024-01-17,Phone,26,0
664,Medical Questions Completed,2024-01-16,Agent,31,0
664,Underwriting Review,2024-01-17,Phone,43,0
664,Approved,2024-01-18,Phone,32,0
666,Started,2024-03-12,Phone,59,1
666,Personal Info Completed,2024-03-15,Online,66,0
666,Medical Questions Completed,2024-03-18,Online,19,0
666,Underwriting Review,2024-03-21,Phone,39,0
666,Approved,2024-03-16,Online,34,0
666,Policy Issued,2024-03-17,Agent,46,0
667,Started,2024-02-07,Online,31,1
667,Personal Info Completed,2024-02-10,Phone,24,0
667,Medical Questions Completed,2024-02-09,Phone,45,0
668,Started,2024-02-12,Phone,26,0
668,Personal Info Completed,2024-02-15,Phone,62,0
668,Medical Questions Completed,2024-02-18,Agent,43,0
668,Underwriting Review,2024-02-15,Online,67,1
668,Approved,2024-02-20,Agent,47,0
669,Started,2024-02-26,Phone,26,0
670,Started,2024-01-21,Online,52,0
671,Started,2024-04-18,Online,45,1
672,Started,2024-03-19,Agent,32,0
672,Personal Info Completed,2024-03-21,Agent,43,1
672,Medical Questions Completed,2024-03-25,Online,49,0
673,Started,2024-03-18,Online,60,1
673,Personal Info Completed,2024-03-21,Agent,36,0
674,Started,2024-04-29,Online,34,1
674,Personal Info Completed,2024-05-02,Online,21,0
675,Started,2024-04-20,Online,23,0
675,Personal Info Completed,2024-04-21,Agent,18,0
676,Started,2024-02-10,Agent,67,0
676,Personal Info Completed,2024-02-13,Agent,55,0
677,Started,2024-01-30,Phone,36,0
678,Started,2024-01-23,Agent,58,0
678,Personal Info Completed,2024-01-24,Online,69,0
678,Medical Questions Completed,2024-01-29,Agent,30,0
678,Underwriting Review,2024-01-29,Online,26,0
679,Started,2024-01-18,Online,56,0
679,Personal Info Completed,2024-01-21,Online,20,0
679,Medical Questions Completed,2024-01-20,Phone,19,1
680,Started,2024-04-09,Online,55,0
680,Personal Info Completed,2024-04-12,Agent,18,1
681,Started,2024-01-01,Agent,28,0
681,Personal Info Completed,2024-01-04,Agent,65,1
682,Started,2024-03-10,Online,39,1
682,Personal Info Completed,2024-03-13,Phone,67,0
682,Medical Questions Completed,2024-03-14,Online,53,0
682,Underwriting Review,2024-03-16,Agent,67,0
682,Approved,2024-03-14,Online,18,0
683,Started,2024-06-02,Online,58,0
683,Personal Info Completed,2024-06-03,Phone,18,0
684,Started,2024-05-13,Online,49,0
685,Started,2024-05-26,Agent,19,1
685,Personal Info Completed,2024-05-28,Online,34,0
685,Medical Questions Completed,2024-05-30,Phone,60,0
686,Started,2024-06-26,Phone,50,0
686,Personal Info Completed,2024-06-28,Online,33,0
686,Medical Questions Completed,2024-06-28,Agent,29,0
686,Underwriting Review,2024-06-29,Phone,47,1
687,Started,2024-03-01,Agent,48,0
688,Started,2024-03-01,Phone,21,0
688,Personal Info Completed,2024-03-04,Phone,65,0
689,Started,2024-04-28,Phone,47,0
689,Personal Info Completed,2024-04-29,Phone,65,1
689,Medical Questions Completed,2024-04-30,Phone,21,0
690,Started,2024-04-30,Online,62,0
690,Personal Info Completed,2024-05-03,Online,61,0
691,Started,2024-05-24,Online,26,0
691,Personal Info Completed,2024-05-27,Agent,59,0
691,Medical Questions Completed,2024-05-28,Online,34,0
691,Underwriting Review,2024-05-27,Phone,24,0
691,Approved,2024-06-01,Agent,40,0
692,Started,2024-01-31,Online,24,0
692,Personal Info Completed,2024-02-02,Agent,64,0
693,Started,2024-01-19,Agent,60,0
693,Personal Info Completed,2024-01-22,Phone,22,0
693,Medical Questions Completed,2024-01-25,Agent,41,0
694,Started,2024-03-30,Online,38,0
694,Personal Info Completed,2024-04-02,Phone,66,0
695,Started,2024-03-09,Phone,21,0
695,Personal Info Completed,2024-03-11,Phone,59,0
695,Medical Questions Completed,2024-03-15,Online,48,1
696,Started,2024-03-07,Online,50,0
697,Started,2024-03-30,Agent,44,1
698,Started,2024-03-25,Online,60,0
699,Started,2024-05-01,Online,46,1
699,Personal Info Completed,2024-05-02,Online,36,1
702,Started,2024-04-06,Phone,68,0
702,Personal Info Completed,2024-04-07,Online,23,0
702,Medical Questions Completed,2024-04-10,Online,30,1
702,Underwriting Review,2024-04-09,Phone,30,0
702,Approved,2024-04-14,Online,45,0
703,Started,2024-05-20,Online,20,1
704,Started,2024-05-30,Online,24,0
705,Started,2024-05-04,Online,50,0
707,Started,2024-01-04,Online,50,0
707,Personal Info Completed,2024-01-05,Phone,43,0
708,Started,2024-02-11,Online,20,0
708,Personal Info Completed,2024-02-13,Phone,33,0
708,Medical Questions Completed,2024-02-17,Agent,50,0
709,Started,2024-05-09,Online,36,1
709,Personal Info Completed,2024-05-10,Online,56,0
710,Started,2024-01-09,Agent,36,0
711,Started,2024-03-10,Agent,21,1
711,Personal Info Completed,2024-03-13,Agent,43,0
712,Started,2024-06-13,Phone,62,0
712,Personal Info Completed,2024-06-15,Phone,54,0
714,Started,2024-03-28,Agent,39,0
715,Started,2024-01-14,Phone,45,0
716,Started,2024-06-28,Online,39,0
716,Personal Info Completed,2024-06-29,Online,62,0
717,Started,2024-05-02,Online,22,0
719,Started,2024-05-15,Agent,22,0
719,Personal Info Completed,2024-05-17,Online,48,1
719,Medical Questions Completed,2024-05-17,Phone,33,0
720,Started,2024-06-17,Online,65,1
720,Personal Info Completed,2024-06-20,Online,33,0
721,Started,2024-03-31,Online,20,0
721,Personal Info Completed,2024-04-02,Online,58,0
721,Medical Questions Completed,2024-04-06,Online,34,0
723,Started,2024-04-03,Phone,44,0
723,Personal Info Completed,2024-04-04,Agent,54,0
724,Started,2024-04-27,Agent,49,0
724,Personal Info Completed,2024-04-29,Phone,30,1
725,Started,2024-01-12,Phone,58,0
725,Personal Info Completed,2024-01-15,Online,22,0
725,Medical Questions Completed,2024-01-14,Phone,33,0
726,Started,2024-02-06,Online,64,1
726,Personal Info Completed,2024-02-08,Agent,48,0
726,Medical Questions Completed,2024-02-08,Phone,57,1
726,Underwriting Review,2024-02-15,Phone,57,0
727,Started,2024-03-22,Agent,57,1
727,Personal Info Completed,2024-03-23,Phone,36,1
727,Medical Questions Completed,2024-03-24,Online,60,0
728,Started,2024-06-12,Online,22,0
728,Personal Info Completed,2024-06-14,Phone,69,0
728,Medical Questions Completed,2024-06-16,Phone,48,1
728,Underwriting Review,2024-06-18,Phone,63,0
728,Approved,2024-06-16,Phone,44,0
728,Policy Issued,2024-06-17,Online,68,0
729,Started,2024-01-19,Online,19,0
729,Personal Info Completed,2024-01-22,Online,68,0
729,Medical Questions Completed,2024-01-25,Online,43,0
730,Started,2024-03-30,Online,43,1
731,Started,2024-06-26,Online,19,1
731,Personal Info Completed,2024-06-27,Online,45,0
731,Medical Questions Completed,2024-06-30,Agent,42,1
732,Started,2024-04-25,Phone,60,0
732,Personal Info Completed,2024-04-26,Agent,49,0
733,Started,2024-01-13,Agent,46,1
733,Personal Info Completed,2024-01-14,Agent,52,0
733,Medical Questions Completed,2024-01-19,Agent,52,0
734,Started,2024-03-12,Phone,63,0
735,Started,2024-05-20,Phone,36,0
738,Started,2024-02-26,Online,33,1
738,Personal Info Completed,2024-02-28,Online,64,0
738,Medical Questions Completed,2024-03-01,Agent,61,1
738,Underwriting Review,2024-03-06,Online,68,0
738,Approved,2024-03-09,Online,19,1
739,Started,2024-04-16,Online,51,0
739,Personal Info Completed,2024-04-17,Phone,47,1
739,Medical Questions Completed,2024-04-18,Online,65,0
739,Underwriting Review,2024-04-22,Agent,64,0
740,Started,2024-03-02,Agent,58,0
740,Personal Info Completed,2024-03-05,Phone,19,0
742,Started,2024-05-25,Agent,59,0
743,Started,2024-02-09,Agent,59,0
743,Personal Info Completed,2024-02-10,Phone,60,0
743,Medical Questions Completed,2024-02-13,Online,61,0
743,Underwriting Review,2024-02-15,Agent,35,1
743,Approved,2024-02-17,Phone,24,1
744,Started,2024-04-19,Online,69,0
744,Personal Info Completed,2024-04-21,Online,41,1
744,Medical Questions Completed,2024-04-23,Phone,33,0
745,Started,2024-04-10,Online,44,1
745,Personal Info Completed,2024-04-12,Phone,45,1
746,Started,2024-05-22,Agent,50,0
746,Personal Info Completed,2024-05-23,Phone,61,0
746,Medical Questions Completed,2024-05-24,Phone,40,0
747,Started,2024-02-07,Online,24,0
747,Personal Info Completed,2024-02-08,Agent,40,0
747,Medical Questions Completed,2024-02-11,Online,24,0
747,Underwriting Review,2024-02-16,Phone,34,0
748,Started,2024-06-03,Agent,53,0
748,Personal Info Completed,2024-06-06,Agent,50,0
748,Medical Questions Completed,2024-06-05,Online,23,1
748,Underwriting Review,2024-06-09,Agent,58,0
748,Approved,2024-06-07,Agent,61,0
749,Started,2024-06-05,Phone,43,0
749,Personal Info Completed,2024-06-08,Agent,33,0
750,Started,2024-06-19,Online,41,0
750,Personal Info Completed,2024-06-20,Online,46,0
750,Medical Questions Completed,2024-06-25,Agent,54,1
751,Started,2024-06-06,Phone,24,0
752,Started,2024-02-10,Agent,22,0
752,Personal Info Completed,2024-02-12,Online,46,0
753,Started,2024-01-29,Agent,38,0
753,Personal Info Completed,2024-01-30,Agent,51,0
753,Medical Questions Completed,2024-02-04,Online,67,0
754,Started,2024-04-15,Agent,40,0
755,Started,2024-01-02,Agent,31,0
755,Personal Info Completed,2024-01-05,Agent,25,0
755,Medical Questions Completed,2024-01-06,Online,59,0
756,Started,2024-05-27,Phone,63,0
756,Personal Info Completed,2024-05-28,Phone,23,0
756,Medical Questions Completed,2024-06-02,Agent,46,1
757,Started,2024-05-10,Agent,27,0
757,Personal Info Completed,2024-05-11,Agent,67,1
757,Medical Questions Completed,2024-05-12,Agent,54,0
757,Underwriting Review,2024-05-19,Agent,36,0
758,Started,2024-01-12,Phone,23,0
758,Personal Info Completed,2024-01-14,Phone,40,0
758,Medical Questions Completed,2024-01-18,Phone,38,1
758,Underwriting Review,2024-01-21,Phone,66,1
758,Approved,2024-01-24,Agent,28,0
759,Started,2024-05-04,Agent,51,0
759,Personal Info Completed,2024-05-06,Online,40,0
760,Started,2024-04-23,Online,48,1
760,Personal Info Completed,2024-04-25,Agent,30,0
760,Medical Questions Completed,2024-04-27,Agent,28,0
761,Started,2024-03-14,Phone,18,0
762,Started,2024-03-16,Phone,27,0
762,Personal Info Completed,2024-03-18,Agent,67,0
762,Medical Questions Completed,2024-03-22,Agent,34,0
762,Underwriting Review,2024-03-22,Phone,26,0
762,Approved,2024-03-20,Agent,40,0
762,Policy Issued,2024-03-21,Online,49,0
764,Started,2024-03-01,Online,29,0
765,Started,2024-06-28,Phone,21,0
765,Personal Info Completed,2024-07-01,Agent,33,0
766,Started,2024-02-20,Online,22,0
766,Personal Info Completed,2024-02-23,Phone,64,0
766,Medical Questions Completed,2024-02-22,Phone,65,0
767,Started,2024-04-08,Phone,63,0
768,Started,2024-04-04,Phone,47,0
768,Personal Info Completed,2024-04-07,Agent,52,1
768,Medical Questions Completed,2024-04-08,Agent,57,0
770,Started,2024-02-20,Phone,60,0
772,Started,2024-04-29,Online,27,0
772,Personal Info Completed,2024-05-01,Online,35,0
772,Medical Questions Completed,2024-05-01,Online,49,0
772,Underwriting Review,2024-05-05,Phone,52,1
772,Approved,2024-05-07,Online,43,0
772,Policy Issued,2024-05-14,Online,51,1
773,Started,2024-05-07,Online,29,0
773,Personal Info Completed,2024-05-10,Agent,64,0
774,Started,2024-02-27,Phone,62,1
774,Personal Info Completed,2024-03-01,Online,59,1
775,Started,2024-05-13,Phone,46,0
775,Personal Info Completed,2024-05-14,Phone,22,0
775,Medical Questions Completed,2024-05-19,Online,67,0
775,Underwriting Review,2024-05-16,Agent,32,0
775,Approved,2024-05-17,Phone,52,0
776,Started,2024-01-18,Agent,65,0
777,Started,2024-02-26,Agent,48,0
778,Started,2024-06-07,Agent,56,0
778,Personal Info Completed,2024-06-08,Phone,69,0
778,Medical Questions Completed,2024-06-13,Online,27,1
779,Started,2024-03-14,Online,26,0
779,Personal Info Completed,2024-03-15,Phone,33,0
780,Started,2024-05-18,Agent,59,0
780,Personal Info Completed,2024-05-20,Agent,53,0
780,Medical Questions Completed,2024-05-20,Agent,52,1
781,Started,2024-06-26,Agent,26,0
781,Personal Info Completed,2024-06-27,Online,61,0
782,Started,2024-06-07,Agent,35,0
783,Started,2024-03-07,Phone,42,0
784,Started,2024-03-31,Agent,41,0
784,Personal Info Completed,2024-04-02,Online,36,0
786,Started,2024-04-12,Agent,22,1
786,Personal Info Completed,2024-04-14,Online,21,1
786,Medical Questions Completed,2024-04-16,Online,43,1
788,Started,2024-04-21,Agent,61,0
790,Started,2024-03-21,Phone,60,1
790,Personal Info Completed,2024-03-24,Online,41,0
790,Medical Questions Completed,2024-03-25,Online,38,0
791,Started,2024-06-17,Phone,39,0
791,Personal Info Completed,2024-06-20,Agent,32,0
791,Medical Questions Completed,2024-06-21,Agent,28,0
792,Started,2024-03-12,Online,41,0
793,Started,2024-06-07,Online,61,0
793,Personal Info Completed,2024-06-09,Phone,36,0
794,Started,2024-06-12,Online,41,1
794,Personal Info Completed,2024-06-14,Agent,62,1
794,Medical Questions Completed,2024-06-14,Agent,24,0
794,Underwriting Review,2024-06-18,Phone,18,0
795,Started,2024-02-04,Phone,25,0
796,Started,2024-05-10,Agent,64,0
797,Started,2024-06-16,Online,49,1
797,Personal Info Completed,2024-06-18,Phone,25,0
797,Medical Questions Completed,2024-06-20,Online,20,0
798,Started,2024-03-02,Online,45,0
798,Personal Info Completed,2024-03-04,Online,63,1
798,Medical Questions Completed,2024-03-04,Agent,24,1
800,Started,2024-02-25,Phone,41,1
800,Personal Info Completed,2024-02-28,Online,48,0
800,Medical Questions Completed,2024-02-29,Phone,47,0
800,Underwriting Review,2024-03-05,Phone,23,0
800,Approved,2024-02-29,Phone,46,0
801,Started,2024-02-16,Online,26,0
801,Personal Info Completed,2024-02-19,Online,24,0
801,Medical Questions Completed,2024-02-20,Online,57,1
802,Started,2024-05-05,Online,50,0
802,Personal Info Completed,2024-05-08,Phone,48,0
803,Started,2024-05-02,Online,39,1
804,Started,2024-02-20,Agent,56,0
804,Personal Info Completed,2024-02-21,Online,35,0
804,Medical Questions Completed,2024-02-22,Phone,29,0
804,Underwriting Review,2024-02-26,Phone,43,0
805,Started,2024-01-04,Online,56,0
805,Personal Info Completed,2024-01-07,Online,54,0
805,Medical Questions Completed,2024-01-06,Agent,21,1
806,Started,2024-04-06,Agent,47,1
806,Personal Info Completed,2024-04-08,Phone,63,1
806,Medical Questions Completed,2024-04-12,Online,62,0
806,Underwriting Review,2024-04-15,Agent,59,0
806,Approved,2024-04-18,Phone,40,1
806,Policy Issued,2024-04-21,Online,69,0
807,Started,2024-05-14,Online,28,0
808,Started,2024-02-10,Agent,63,1
808,Personal Info Completed,2024-02-13,Online,35,0
808,Medical Questions Completed,2024-02-14,Agent,36,0
808,Underwriting Review,2024-02-19,Online,34,0
809,Started,2024-04-14,Phone,20,1
809,Personal Info Completed,2024-04-17,Online,62,0
809,Medical Questions Completed,2024-04-16,Online,18,0
809,Underwriting Review,2024-04-23,Agent,40,1
810,Started,2024-03-04,Online,27,1
810,Personal Info Completed,2024-03-05,Online,18,0
812,Started,2024-06-02,Agent,18,1
812,Personal Info Completed,2024-06-05,Phone,35,0
812,Medical Questions Completed,2024-06-04,Online,43,0
813,Started,2024-04-20,Online,55,0
813,Personal Info Completed,2024-04-23,Phone,36,0
813,Medical Questions Completed,2024-04-26,Agent,41,0
813,Underwriting Review,2024-04-23,Online,66,0
813,Approved,2024-05-02,Online,29,0
814,Started,2024-04-17,Agent,42,0
814,Personal Info Completed,2024-04-20,Agent,33,1
814,Medical Questions Completed,2024-04-23,Agent,36,0
814,Underwriting Review,2024-04-23,Agent,20,0
814,Approved,2024-04-29,Agent,63,0
814,Policy Issued,2024-05-02,Phone,19,0
815,Started,2024-02-24,Phone,45,0
815,Personal Info Completed,2024-02-27,Online,30,1
816,Started,2024-05-24,Agent,39,0
816,Personal Info Completed,2024-05-25,Agent,57,0
816,Medical Questions Completed,2024-05-28,Agent,34,0
816,Underwriting Review,2024-06-02,Online,45,0
817,Started,2024-04-11,Online,30,0
817,Personal Info Completed,2024-04-13,Phone,57,0
817,Medical Questions Completed,2024-04-15,Agent,65,0
818,Started,2024-02-02,Online,53,0
819,Started,2024-01-31,Phone,66,0
819,Personal Info Completed,2024-02-03,Online,44,0
819,Medical Questions Completed,2024-02-02,Phone,31,0
819,Underwriting Review,2024-02-03,Online,64,0
819,Approved,2024-02-08,Phone,19,0
819,Policy Issued,2024-02-05,Phone,22,0
820,Started,2024-06-23,Agent,34,0
821,Started,2024-03-07,Online,39,0
821,Personal Info Completed,2024-03-08,Agent,45,0
821,Medical Questions Completed,2024-03-13,Agent,38,0
821,Underwriting Review,2024-03-13,Online,34,1
822,Started,2024-02-28,Agent,33,1
822,Personal Info Completed,2024-03-01,Phone,59,1
822,Medical Questions Completed,2024-03-01,Online,46,0
822,Underwriting Review,2024-03-02,Agent,52,0
822,Approved,2024-03-07,Online,33,0
822,Policy Issued,2024-03-09,Phone,35,0
823,Started,2024-04-02,Phone,67,0
824,Started,2024-01-20,Online,57,0
824,Personal Info Completed,2024-01-23,Phone,44,0
824,Medical Questions Completed,2024-01-22,Online,64,0
825,Started,2024-06-15,Agent,65,1
825,Personal Info Completed,2024-06-17,Agent,33,0
825,Medical Questions Completed,2024-06-19,Online,68,0
826,Started,2024-03-02,Phone,30,0
827,Started,2024-02-18,Agent,53,0
828,Started,2024-05-07,Phone,59,0
828,Personal Info Completed,2024-05-08,Agent,54,0
828,Medical Questions Completed,2024-05-09,Online,41,0
828,Underwriting Review,2024-05-16,Online,36,0
828,Approved,2024-05-15,Phone,43,1
829,Started,2024-02-15,Phone,25,0
829,Personal Info Completed,2024-02-18,Agent,52,0
829,Medical Questions Completed,2024-02-19,Online,56,1
829,Underwriting Review,2024-02-24,Phone,59,1
829,Approved,2024-02-23,Online,62,0
829,Policy Issued,2024-02-25,Phone,33,0
830,Started,2024-04-29,Phone,21,0
830,Personal Info Completed,2024-05-01,Phone,48,1
830,Medical Questions Completed,2024-05-01,Phone,58,0
833,Started,2024-05-11,Phone,31,0
833,Personal Info Completed,2024-05-12,Agent,43,0
833,Medical Questions Completed,2024-05-15,Agent,59,0
834,Started,2024-03-21,Online,36,0
835,Started,2024-02-28,Agent,60,0
835,Personal Info Completed,2024-03-01,Online,40,0
835,Medical Questions Completed,2024-03-01,Phone,51,0
835,Underwriting Review,2024-03-05,Agent,69,0
836,Started,2024-04-13,Online,52,0
838,Started,2024-03-26,Agent,37,0
838,Personal Info Completed,2024-03-29,Agent,24,0
839,Started,2024-06-18,Agent,40,0
839,Personal Info Completed,2024-06-21,Online,60,0
839,Medical Questions Completed,2024-06-20,Online,38,0
839,Underwriting Review,2024-06-24,Phone,40,0
840,Started,2024-03-05,Online,58,0
840,Personal Info Completed,2024-03-06,Phone,25,0
841,Started,2024-04-29,Phone,29,0
841,Personal Info Completed,2024-05-01,Online,34,0
841,Medical Questions Completed,2024-05-01,Phone,45,0
841,Underwriting Review,2024-05-02,Online,34,0
842,Started,2024-06-13,Online,32,0
842,Personal Info Completed,2024-06-14,Online,37,0
842,Medical Questions Completed,2024-06-15,Agent,31,0
843,Started,2024-05-08,Agent,23,1
843,Personal Info Completed,2024-05-11,Agent,68,0
843,Medical Questions Completed,2024-05-14,Agent,44,0
844,Started,2024-06-14,Phone,67,0
844,Personal Info Completed,2024-06-17,Online,37,0
844,Medical Questions Completed,2024-06-18,Online,39,0
844,Underwriting Review,2024-06-20,Online,39,0
844,Approved,2024-06-18,Phone,43,0
845,Started,2024-01-26,Phone,60,0
845,Personal Info Completed,2024-01-29,Phone,34,0
846,Started,2024-05-30,Phone,56,1
847,Started,2024-03-20,Agent,19,0
849,Started,2024-06-05,Phone,41,0
850,Started,2024-05-30,Online,30,0
850,Personal Info Completed,2024-06-01,Phone,18,0
851,Started,2024-04-30,Phone,38,0
851,Personal Info Completed,2024-05-01,Agent,27,0
851,Medical Questions Completed,2024-05-02,Online,40,0
852,Started,2024-03-10,Phone,59,0
852,Personal Info Completed,2024-03-11,Online,18,0
852,Medical Questions Completed,2024-03-16,Agent,46,1
852,Underwriting Review,2024-03-13,Phone,65,0
852,Approved,2024-03-22,Phone,61,0
854,Started,2024-06-08,Phone,27,0
854,Personal Info Completed,2024-06-11,Online,34,0
855,Started,2024-06-22,Online,60,0
855,Personal Info Completed,2024-06-23,Phone,35,1
855,Medical Questions Completed,2024-06-26,Online,27,0
856,Started,2024-05-10,Online,54,0
856,Personal Info Completed,2024-05-11,Agent,61,0
857,Started,2024-03-08,Online,59,0
857,Personal Info Completed,2024-03-09,Agent,26,0
858,Started,2024-02-09,Online,59,1
858,Personal Info Completed,2024-02-10,Online,53,0
859,Started,2024-01-28,Online,37,0
859,Personal Info Completed,2024-01-31,Online,65,0
859,Medical Questions Completed,2024-01-30,Agent,43,0
861,Started,2024-01-13,Online,42,1
861,Personal Info Completed,2024-01-16,Agent,45,0
861,Medical Questions Completed,2024-01-17,Phone,63,0
862,Started,2024-02-05,Phone,66,0
862,Personal Info Completed,2024-02-07,Agent,36,0
862,Medical Questions Completed,2024-02-09,Online,50,0
862,Underwriting Review,2024-02-14,Agent,41,0
862,Approved,2024-02-13,Online,61,0
863,Started,2024-02-02,Phone,36,0
863,Personal Info Completed,2024-02-05,Online,42,0
863,Medical Questions Completed,2024-02-08,Phone,59,0
863,Underwriting Review,2024-02-11,Phone,38,0
863,Approved,2024-02-10,Phone,64,0
864,Started,2024-05-25,Agent,54,0
864,Personal Info Completed,2024-05-28,Phone,64,0
865,Started,2024-04-24,Phone,44,0
865,Personal Info Completed,2024-04-27,Online,32,0
865,Medical Questions Completed,2024-04-26,Phone,28,0
866,Started,2024-01-14,Phone,33,0
866,Personal Info Completed,2024-01-15,Online,64,1
867,Started,2024-02-07,Online,65,1
867,Personal Info Completed,2024-02-09,Agent,53,0
868,Started,2024-06-09,Agent,22,1
869,Started,2024-02-17,Online,48,0
869,Personal Info Completed,2024-02-18,Agent,49,0
869,Medical Questions Completed,2024-02-21,Online,24,0
869,Underwriting Review,2024-02-23,Phone,18,0
870,Started,2024-03-03,Online,44,0
870,Personal Info Completed,2024-03-05,Online,35,0
870,Medical Questions Completed,2024-03-07,Phone,24,0
871,Started,2024-04-20,Phone,44,0
871,Personal Info Completed,2024-04-21,Online,49,0
871,Medical Questions Completed,2024-04-24,Agent,60,0
871,Underwriting Review,2024-04-23,Online,20,0
873,Started,2024-02-26,Phone,43,0
874,Started,2024-03-30,Online,61,0
874,Personal Info Completed,2024-04-01,Phone,56,1
874,Medical Questions Completed,2024-04-05,Agent,64,1
874,Underwriting Review,2024-04-05,Phone,57,1
874,Approved,2024-04-11,Agent,29,0
875,Started,2024-04-09,Phone,26,0
875,Personal Info Completed,2024-04-11,Phone,69,1
876,Started,2024-05-17,Online,54,0
876,Personal Info Completed,2024-05-19,Phone,44,0
876,Medical Questions Completed,2024-05-23,Phone,59,0
877,Started,2024-03-21,Agent,47,0
877,Personal Info Completed,2024-03-22,Phone,55,0
878,Started,2024-01-20,Phone,46,1
878,Personal Info Completed,2024-01-22,Agent,55,1
878,Medical Questions Completed,2024-01-26,Agent,49,0
879,Started,2024-02-29,Agent,22,1
879,Personal Info Completed,2024-03-01,Online,28,1
879,Medical Questions Completed,2024-03-04,Online,37,0
879,Underwriting Review,2024-03-06,Agent,51,0
879,Approved,2024-03-08,Online,64,0
880,Started,2024-01-14,Agent,33,0
881,Started,2024-02-29,Online,44,0
881,Personal Info Completed,2024-03-02,Agent,38,0
881,Medical Questions Completed,2024-03-04,Online,26,0
882,Started,2024-03-09,Agent,54,0
883,Started,2024-04-16,Phone,18,0
883,Personal Info Completed,2024-04-19,Phone,41,0
883,Medical Questions Completed,2024-04-22,Agent,40,0
883,Underwriting Review,2024-04-19,Phone,37,0
883,Approved,2024-04-24,Phone,22,0
883,Policy Issued,2024-05-01,Phone,38,0
887,Started,2024-05-22,Online,55,0
887,Personal Info Completed,2024-05-25,Online,65,0
888,Started,2024-03-24,Online,69,0
888,Personal Info Completed,2024-03-27,Phone,43,0
889,Started,2024-06-04,Online,51,0
890,Started,2024-06-05,Phone,28,0
891,Started,2024-02-17,Phone,45,0
891,Personal Info Completed,2024-02-20,Online,40,0
891,Medical Questions Completed,2024-02-23,Phone,18,1
893,Started,2024-01-05,Agent,59,0
893,Personal Info Completed,2024-01-08,Online,48,0
894,Started,2024-03-31,Agent,43,1
894,Personal Info Completed,2024-04-03,Agent,18,0
894,Medical Questions Completed,2024-04-06,Agent,39,0
894,Underwriting Review,2024-04-06,Agent,52,0
894,Approved,2024-04-08,Phone,58,0
894,Policy Issued,2024-04-10,Agent,41,0
895,Started,2024-03-08,Agent,19,0
895,Personal Info Completed,2024-03-09,Agent,62,0
896,Started,2024-05-28,Online,29,0
897,Started,2024-05-04,Online,58,0
898,Started,2024-02-20,Agent,25,0
898,Personal Info Completed,2024-02-23,Phone,44,1
899,Started,2024-03-02,Online,41,0
899,Personal Info Completed,2024-03-05,Phone,65,1
899,Medical Questions Completed,2024-03-08,Phone,31,0
899,Underwriting Review,2024-03-05,Phone,54,0
899,Approved,2024-03-06,Phone,27,0
900,Started,2024-06-18,Phone,41,0
900,Personal Info Completed,2024-06-20,Phone,23,0
900,Medical Questions Completed,2024-06-24,Online,46,0
900,Underwriting Review,2024-06-27,Online,25,1
903,Started,2024-02-08,Agent,38,0
904,Started,2024-05-10,Online,31,0
904,Personal Info Completed,2024-05-11,Agent,46,0
904,Medical Questions Completed,2024-05-16,Online,43,0
904,Underwriting Review,2024-05-16,Phone,61,0
905,Started,2024-02-19,Online,21,0
907,Started,2024-06-23,Online,52,0
907,Personal Info Completed,2024-06-25,Agent,38,0
908,Started,2024-06-12,Phone,50,0
908,Personal Info Completed,2024-06-15,Phone,31,0
908,Medical Questions Completed,2024-06-14,Agent,27,0
908,Underwriting Review,2024-06-18,Online,34,0
908,Approved,2024-06-16,Agent,54,0
909,Started,2024-03-11,Agent,62,0
909,Personal Info Completed,2024-03-12,Agent,22,1
910,Started,2024-02-26,Phone,61,0
911,Started,2024-01-19,Phone,54,0
911,Personal Info Completed,2024-01-22,Agent,21,0
911,Medical Questions Completed,2024-01-21,Phone,59,0
912,Started,2024-05-06,Online,67,0
912,Personal Info Completed,2024-05-09,Agent,29,0
912,Medical Questions Completed,2024-05-08,Online,26,0
914,Started,2024-03-06,Agent,37,0
914,Personal Info Completed,2024-03-07,Phone,51,0
914,Medical Questions Completed,2024-03-12,Phone,48,0
914,Underwriting Review,2024-03-09,Phone,53,0
914,Approved,2024-03-14,Online,45,0
915,Started,2024-04-26,Online,26,0
915,Personal Info Completed,2024-04-27,Online,47,0
916,Started,2024-01-05,Agent,26,0
916,Personal Info Completed,2024-01-07,Online,21,0
916,Medical Questions Completed,2024-01-11,Agent,30,1
916,Underwriting Review,2024-01-11,Agent,25,0
916,Approved,2024-01-09,Phone,24,0
917,Started,2024-01-04,Online,27,1
917,Personal Info Completed,2024-01-07,Phone,46,0
917,Medical Questions Completed,2024-01-06,Online,65,0
917,Underwriting Review,2024-01-07,Online,59,1
917,Approved,2024-01-08,Online,33,0
920,Started,2024-06-28,Online,34,0
920,Personal Info Completed,2024-06-29,Agent,45,0
921,Started,2024-05-19,Phone,55,1
921,Personal Info Completed,2024-05-22,Online,23,0
921,Medical Questions Completed,2024-05-21,Agent,69,1
922,Started,2024-02-06,Online,30,0
922,Personal Info Completed,2024-02-08,Online,36,0
922,Medical Questions Completed,2024-02-08,Phone,42,0
923,Started,2024-03-28,Agent,55,0
924,Started,2024-02-09,Agent,48,1
924,Personal Info Completed,2024-02-12,Online,29,0
925,Started,2024-01-28,Agent,46,0
926,Started,2024-03-17,Phone,31,0
926,Personal Info Completed,2024-03-18,Agent,20,1
926,Medical Questions Completed,2024-03-21,Phone,34,0
927,Started,2024-06-06,Agent,39,1
927,Personal Info Completed,2024-06-09,Agent,65,0
928,Started,2024-06-16,Agent,44,0
928,Personal Info Completed,2024-06-19,Online,58,0
928,Medical Questions Completed,2024-06-18,Online,56,0
928,Underwriting Review,2024-06-25,Phone,32,0
930,Started,2024-02-14,Online,37,0
930,Personal Info Completed,2024-02-16,Agent,45,0
930,Medical Questions Completed,2024-02-18,Agent,68,0
930,Underwriting Review,2024-02-23,Agent,27,0
932,Started,2024-03-22,Agent,19,0
932,Personal Info Completed,2024-03-23,Online,67,0
933,Started,2024-03-09,Phone,19,1
934,Started,2024-05-27,Online,39,1
934,Personal Info Completed,2024-05-30,Agent,56,1
934,Medical Questions Completed,2024-06-02,Phone,63,0
934,Underwriting Review,2024-06-05,Online,52,0
937,Started,2024-05-31,Online,57,0
937,Personal Info Completed,2024-06-02,Online,65,0
937,Medical Questions Completed,2024-06-06,Agent,26,1
937,Underwriting Review,2024-06-03,Phone,39,0
938,Started,2024-06-10,Agent,55,0
939,Started,2024-05-17,Phone,51,0
939,Personal Info Completed,2024-05-18,Phone,29,0
942,Started,2024-01-26,Online,50,0
944,Started,2024-04-17,Agent,48,0
944,Personal Info Completed,2024-04-18,Phone,56,0
947,Started,2024-01-20,Agent,62,0
948,Started,2024-05-24,Phone,67,0
948,Personal Info Completed,2024-05-25,Agent,37,0
948,Medical Questions Completed,2024-05-30,Phone,36,1
948,Underwriting Review,2024-05-30,Agent,21,1
948,Approved,2024-06-01,Phone,24,0
949,Started,2024-03-20,Phone,48,0
949,Personal Info Completed,2024-03-22,Online,35,0
949,Medical Questions Completed,2024-03-26,Online,44,1
949,Underwriting Review,2024-03-26,Phone,34,0
949,Approved,2024-03-28,Phone,51,0
950,Started,2024-05-27,Online,52,0
950,Personal Info Completed,2024-05-28,Online,36,0
950,Medical Questions Completed,2024-05-29,Agent,19,0
950,Underwriting Review,2024-06-02,Phone,49,1
950,Approved,2024-06-04,Online,33,1
952,Started,2024-05-05,Agent,58,0
953,Started,2024-06-17,Online,47,1
953,Personal Info Completed,2024-06-20,Phone,43,0
954,Started,2024-06-20,Agent,44,1
956,Started,2024-01-15,Agent,33,0
956,Personal Info Completed,2024-01-18,Online,56,1
956,Medical Questions Completed,2024-01-19,Phone,66,0
956,Underwriting Review,2024-01-21,Online,19,0
956,Approved,2024-01-19,Agent,47,0
956,Policy Issued,2024-01-25,Phone,28,0
957,Started,2024-06-16,Agent,61,0
958,Started,2024-02-08,Phone,53,0
958,Personal Info Completed,2024-02-09,Agent,38,0
958,Medical Questions Completed,2024-02-10,Phone,69,0
959,Started,2024-01-19,Phone,60,0
959,Personal Info Completed,2024-01-21,Online,69,0
961,Started,2024-06-14,Agent,47,1
962,Started,2024-02-07,Online,67,0
962,Personal Info Completed,2024-02-08,Online,62,1
962,Medical Questions Completed,2024-02-11,Online,66,0
962,Underwriting Review,2024-02-10,Online,25,1
964,Started,2024-06-20,Online,42,0
964,Personal Info Completed,2024-06-21,Phone,61,0
966,Started,2024-06-13,Agent,67,0
967,Started,2024-02-13,Agent,47,0
968,Started,2024-03-21,Online,62,1
970,Started,2024-04-10,Agent,47,0
970,Personal Info Completed,2024-04-11,Agent,22,0
970,Medical Questions Completed,2024-04-16,Online,59,0
971,Started,2024-02-27,Agent,37,0
972,Started,2024-03-12,Agent,31,0
972,Personal Info Completed,2024-03-14,Phone,30,0
972,Medical Questions Completed,2024-03-14,Phone,53,0
972,Underwriting Review,2024-03-18,Phone,32,1
974,Started,2024-03-06,Agent,68,0
975,Started,2024-03-30,Online,66,1
975,Personal Info Completed,2024-04-02,Agent,25,0
976,Started,2024-01-23,Online,31,1
976,Personal Info Completed,2024-01-25,Phone,43,0
976,Medical Questions Completed,2024-01-29,Online,35,0
977,Started,2024-05-31,Phone,61,0
977,Personal Info Completed,2024-06-02,Phone,47,0
978,Started,2024-02-10,Online,51,1
978,Personal Info Completed,2024-02-12,Phone,19,0
978,Medical Questions Completed,2024-02-16,Agent,57,0
978,Underwriting Review,2024-02-13,Agent,43,0
978,Approved,2024-02-22,Agent,47,1
979,Started,2024-06-09,Agent,45,0
979,Personal Info Completed,2024-06-10,Phone,50,0
979,Medical Questions Completed,2024-06-15,Phone,64,0
979,Underwriting Review,2024-06-15,Phone,29,0
980,Started,2024-01-10,Phone,38,0
983,Started,2024-01-05,Agent,38,0
983,Personal Info Completed,2024-01-07,Phone,58,0
983,Medical Questions Completed,2024-01-07,Agent,61,0
983,Underwriting Review,2024-01-08,Agent,28,0
983,Approved,2024-01-13,Phone,35,0
986,Started,2024-02-05,Phone,32,0
986,Personal Info Completed,2024-02-08,Agent,52,0
986,Medical Questions Completed,2024-02-07,Agent,55,0
987,Started,2024-04-12,Phone,62,1
987,Personal Info Completed,2024-04-13,Agent,39,0
987,Medical Questions Completed,2024-04-18,Agent,60,0
988,Started,2024-05-01,Agent,25,0
988,Personal Info Completed,2024-05-02,Agent,58,0
988,Medical Questions Completed,2024-05-07,Phone,62,1
988,Underwriting Review,2024-05-07,Agent,63,0
988,Approved,2024-05-05,Online,26,0
990,Started,2024-06-15,Phone,64,0
990,Personal Info Completed,2024-06-18,Agent,31,0
991,Started,2024-03-23,Phone,43,0
991,Personal Info Completed,2024-03-26,Online,36,0
991,Medical Questions Completed,2024-03-29,Phone,22,0
993,Started,2024-02-11,Agent,68,0
993,Personal Info Completed,2024-02-12,Phone,44,0
993,Medical Questions Completed,2024-02-13,Agent,57,0
994,Started,2024-03-08,Online,40,0
995,Started,2024-02-24,Phone,42,0
995,Personal Info Completed,2024-02-25,Phone,56,0
995,Medical Questions Completed,2024-02-26,Agent,45,0
996,Started,2024-05-22,Phone,38,0
997,Started,2024-05-10,Online,47,0
997,Personal Info Completed,2024-05-12,Phone,35,0
997,Medical Questions Completed,2024-05-12,Online,58,0
998,Started,2024-06-13,Online,37,0
998,Personal Info Completed,2024-06-16,Phone,38,1
998,Medical Questions Completed,2024-06-15,Phone,63,0
999,Started,2024-06-15,Phone,63,1
999,Personal Info Completed,2024-06-17,Phone,48,0
999,Medical Questions Completed,2024-06-17,Online,26,0
999,Underwriting Review,2024-06-18,Agent,33,0
999,Approved,2024-06-27,Agent,51,0
1000,Started,2024-02-15,Agent,37,0
1000,Personal Info Completed,2024-02-16,Agent,34,0
1000,Medical Questions Completed,2024-02-17,Online,55,0
